original_title,recommend_movie
Avatar,"
Recommended Movies: 
The Abyss | Genres: 'Action','Adventure','ScienceFiction','Thriller' | Rating: 7.1
The Terminator | Genres: 'Action','ScienceFiction','Thriller' | Rating: 7.3
Terminator 2: Judgment Day | Genres: 'Action','ScienceFiction','Thriller' | Rating: 7.7
Aliens | Genres: 'Action','Horror','ScienceFiction','Thriller' | Rating: 7.7
True Lies | Genres: 'Action','Thriller' | Rating: 6.8
Titanic | Genres: 'Drama','Romance','Thriller' | Rating: 7.5
The Wolverine | Genres: 'Action','Adventure','Fantasy','ScienceFiction' | Rating: 6.3
Superman Returns | Genres: 'Action','Adventure','Fantasy','ScienceFiction' | Rating: 5.4
Man of Steel | Genres: 'Action','Adventure','Fantasy','ScienceFiction' | Rating: 6.5
X-Men: Days of Future Past | Genres: 'Action','Adventure','Fantasy','ScienceFiction' | Rating: 7.5
"
Pirates of the Caribbean: At World's End,"
Recommended Movies: 
Pirates of the Caribbean: Dead Man's Chest | Genres: 'Action','Adventure','Fantasy' | Rating: 7.0
Pirates of the Caribbean: The Curse of the Black Pearl | Genres: 'Action','Adventure','Fantasy' | Rating: 7.5
The Lone Ranger | Genres: 'Action','Adventure','Western' | Rating: 5.9
Rango | Genres: 'Adventure','Animation','Comedy','Family','Western' | Rating: 6.6
The Mexican | Genres: 'Action','Comedy','Crime','Romance' | Rating: 5.8
The Weather Man | Genres: 'Comedy','Drama' | Rating: 6.0
The Scorpion King | Genres: 'Action','Adventure','Fantasy' | Rating: 5.3
The 13th Warrior | Genres: 'Action','Adventure','Fantasy' | Rating: 6.4
The Hobbit: An Unexpected Journey | Genres: 'Action','Adventure','Fantasy' | Rating: 7.0
Spider-Man 3 | Genres: 'Action','Adventure','Fantasy' | Rating: 5.9
"
Spectre,"
Recommended Movies: 
Skyfall | Genres: 'Action','Adventure','Thriller' | Rating: 6.9
Road to Perdition | Genres: 'Crime','Drama','Thriller' | Rating: 7.3
Revolutionary Road | Genres: 'Drama','Romance' | Rating: 6.7
Jarhead | Genres: 'Drama','War' | Rating: 6.6
Away We Go | Genres: 'Comedy','Drama','Romance' | Rating: 6.7
American Beauty | Genres: 'Drama' | Rating: 7.9
The Art of War | Genres: 'Action','Adventure','Crime' | Rating: 5.6
Kick-Ass 2 | Genres: 'Action','Adventure','Crime' | Rating: 6.3
Speed | Genres: 'Action','Adventure','Crime' | Rating: 6.8
Indiana Jones and the Kingdom of the Crystal Skull | Genres: 'Action','Adventure' | Rating: 5.7
"
The Dark Knight Rises,"
Recommended Movies: 
The Dark Knight | Genres: 'Action','Crime','Drama','Thriller' | Rating: 8.2
Batman Begins | Genres: 'Action','Crime','Drama' | Rating: 7.5
The Prestige | Genres: 'Drama','Mystery','Thriller' | Rating: 8.0
Insomnia | Genres: 'Crime','Mystery','Thriller' | Rating: 6.8
Inception | Genres: 'Action','Adventure','Mystery','ScienceFiction','Thriller' | Rating: 8.1
Memento | Genres: 'Mystery','Thriller' | Rating: 8.1
Interstellar | Genres: 'Adventure','Drama','ScienceFiction' | Rating: 8.1
Takers | Genres: 'Action','Crime','Drama','Thriller' | Rating: 6.0
Mercury Rising | Genres: 'Action','Crime','Drama','Thriller' | Rating: 6.0
Harry Brown | Genres: 'Action','Crime','Drama','Thriller' | Rating: 6.7
"
John Carter,"
Recommended Movies: 
Finding Nemo | Genres: 'Animation','Family' | Rating: 7.6
WALL·E | Genres: 'Animation','Family' | Rating: 7.8
Divergent | Genres: 'Action','Adventure','ScienceFiction' | Rating: 6.9
Dune | Genres: 'Action','Adventure','ScienceFiction' | Rating: 6.5
Transformers | Genres: 'Action','Adventure','ScienceFiction' | Rating: 6.6
Six-String Samurai | Genres: 'Action','Adventure','ScienceFiction' | Rating: 5.8
Transformers: Age of Extinction | Genres: 'Action','Adventure','ScienceFiction' | Rating: 5.8
The Hunger Games: Mockingjay - Part 2 | Genres: 'Action','Adventure','ScienceFiction' | Rating: 6.6
The Hunger Games: Catching Fire | Genres: 'Action','Adventure','ScienceFiction' | Rating: 7.4
Ant-Man | Genres: 'Action','Adventure','ScienceFiction' | Rating: 7.0
"
Spider-Man 3,"
Recommended Movies: 
Spider-Man 2 | Genres: 'Action','Adventure','Fantasy' | Rating: 6.7
Spider-Man | Genres: 'Action','Fantasy' | Rating: 6.8
Oz: The Great and Powerful | Genres: 'Adventure','Family','Fantasy' | Rating: 5.7
The Quick and the Dead | Genres: 'Action','Western' | Rating: 6.3
Evil Dead II | Genres: 'Comedy','Fantasy','Horror' | Rating: 7.6
Army of Darkness | Genres: 'Comedy','Fantasy','Horror' | Rating: 7.3
A Simple Plan | Genres: 'Crime','Drama','Thriller' | Rating: 6.9
The Evil Dead | Genres: 'Horror' | Rating: 7.3
For Love of the Game | Genres: 'Drama','Romance' | Rating: 6.3
Drag Me to Hell | Genres: 'Horror','Thriller' | Rating: 6.2
"
Tangled,"
Recommended Movies: 
The Angry Birds Movie | Genres: 'Animation','Family' | Rating: 5.9
Alpha and Omega | Genres: 'Animation','Family' | Rating: 5.3
Henry & Me | Genres: 'Animation','Family' | Rating: 3.0
Home on the Range | Genres: 'Animation','Family' | Rating: 5.7
Turbo | Genres: 'Animation','Family' | Rating: 6.1
Anastasia | Genres: 'Animation','Family' | Rating: 7.4
Barney's Great Adventure | Genres: 'Family' | Rating: 2.9
Monsters University | Genres: 'Animation','Family' | Rating: 7.0
Madagascar: Escape 2 Africa | Genres: 'Animation','Family' | Rating: 6.2
Madagascar | Genres: 'Animation','Family' | Rating: 6.6
"
Avengers: Age of Ultron,"
Recommended Movies: 
The Avengers | Genres: 'Action','Adventure','ScienceFiction' | Rating: 7.4
Serenity | Genres: 'Action','Adventure','ScienceFiction','Thriller' | Rating: 7.4
Captain America: Civil War | Genres: 'Action','Adventure','ScienceFiction' | Rating: 7.1
Captain America: The Winter Soldier | Genres: 'Action','Adventure','ScienceFiction' | Rating: 7.6
Pacific Rim | Genres: 'Action','Adventure','ScienceFiction' | Rating: 6.7
Independence Day: Resurgence | Genres: 'Action','Adventure','ScienceFiction' | Rating: 4.9
Captain America: The First Avenger | Genres: 'Action','Adventure','ScienceFiction' | Rating: 6.6
Iron Man | Genres: 'Action','Adventure','ScienceFiction' | Rating: 7.4
Megaforce | Genres: 'Action','Adventure','ScienceFiction' | Rating: 3.5
Iron Man 3 | Genres: 'Action','Adventure','ScienceFiction' | Rating: 6.8
"
Harry Potter and the Half-Blood Prince,"
Recommended Movies: 
Harry Potter and the Order of the Phoenix | Genres: 'Adventure','Family','Fantasy','Mystery' | Rating: 7.4
The Legend of Tarzan | Genres: 'Action','Adventure' | Rating: 5.5
Harry Potter and the Goblet of Fire | Genres: 'Adventure','Family','Fantasy' | Rating: 7.5
Harry Potter and the Prisoner of Azkaban | Genres: 'Adventure','Family','Fantasy' | Rating: 7.7
Harry Potter and the Philosopher's Stone | Genres: 'Adventure','Family','Fantasy' | Rating: 7.5
Harry Potter and the Chamber of Secrets | Genres: 'Adventure','Family','Fantasy' | Rating: 7.4
Oz: The Great and Powerful | Genres: 'Adventure','Family','Fantasy' | Rating: 5.7
Inkheart | Genres: 'Adventure','Family','Fantasy' | Rating: 6.0
Percy Jackson: Sea of Monsters | Genres: 'Adventure','Family','Fantasy' | Rating: 5.9
The Indian in the Cupboard | Genres: 'Adventure','Family','Fantasy' | Rating: 5.9
"
Batman v Superman: Dawn of Justice,"
Recommended Movies: 
Man of Steel | Genres: 'Action','Adventure','Fantasy','ScienceFiction' | Rating: 6.5
300 | Genres: 'Action','Adventure','War' | Rating: 7.0
Legend of the Guardians: The Owls of Ga'Hoole | Genres: 'Adventure','Animation','Family','Fantasy' | Rating: 6.5
Sucker Punch | Genres: 'Action','Fantasy','Thriller' | Rating: 5.9
Dawn of the Dead | Genres: 'Action','Fantasy','Horror' | Rating: 6.8
Watchmen | Genres: 'Action','Mystery','ScienceFiction' | Rating: 7.0
Thor: The Dark World | Genres: 'Action','Adventure','Fantasy' | Rating: 6.8
Thor | Genres: 'Action','Adventure','Fantasy' | Rating: 6.6
The Scorpion King | Genres: 'Action','Adventure','Fantasy' | Rating: 5.3
Dungeons & Dragons: Wrath of the Dragon God | Genres: 'Action','Adventure','Fantasy' | Rating: 4.8
"
Superman Returns,"
Recommended Movies: 
X-Men: Days of Future Past | Genres: 'Action','Adventure','Fantasy','ScienceFiction' | Rating: 7.5
X-Men | Genres: 'Action','Adventure','ScienceFiction' | Rating: 6.8
X2 | Genres: 'Action','Adventure','ScienceFiction','Thriller' | Rating: 6.8
Jack the Giant Slayer | Genres: 'Action','Family','Fantasy' | Rating: 5.5
X-Men: Apocalypse | Genres: 'ScienceFiction' | Rating: 6.4
The Usual Suspects | Genres: 'Crime','Drama','Thriller' | Rating: 8.1
Valkyrie | Genres: 'Drama','History','Thriller','War' | Rating: 6.7
Superman II | Genres: 'Action','Adventure','Fantasy','ScienceFiction' | Rating: 6.5
Man of Steel | Genres: 'Action','Adventure','Fantasy','ScienceFiction' | Rating: 6.5
Superman | Genres: 'Action','Adventure','Fantasy','ScienceFiction' | Rating: 6.9
"
Quantum of Solace,"
Recommended Movies: 
Machine Gun Preacher | Genres: 'Action','Crime','Thriller' | Rating: 6.4
World War Z | Genres: 'Action','Drama','Horror','ScienceFiction','Thriller' | Rating: 6.7
Finding Neverland | Genres: 'Drama' | Rating: 7.2
Everything Put Together | Genres: 'Drama' | Rating: 5.0
The Kite Runner | Genres: 'Drama' | Rating: 7.3
Stranger Than Fiction | Genres: 'Comedy','Drama','Fantasy','Romance' | Rating: 7.1
Monster's Ball | Genres: 'Drama','Romance' | Rating: 6.5
Into the Blue | Genres: 'Action','Adventure','Crime','Thriller' | Rating: 5.8
The River Wild | Genres: 'Action','Adventure','Crime','Thriller' | Rating: 6.1
Assassins | Genres: 'Action','Adventure','Crime','Thriller' | Rating: 6.0
"
Pirates of the Caribbean: Dead Man's Chest,"
Recommended Movies: 
Pirates of the Caribbean: At World's End | Genres: 'Action','Adventure','Fantasy' | Rating: 6.9
Pirates of the Caribbean: The Curse of the Black Pearl | Genres: 'Action','Adventure','Fantasy' | Rating: 7.5
The Lone Ranger | Genres: 'Action','Adventure','Western' | Rating: 5.9
Rango | Genres: 'Adventure','Animation','Comedy','Family','Western' | Rating: 6.6
The Mexican | Genres: 'Action','Comedy','Crime','Romance' | Rating: 5.8
The Weather Man | Genres: 'Comedy','Drama' | Rating: 6.0
The Scorpion King | Genres: 'Action','Adventure','Fantasy' | Rating: 5.3
The 13th Warrior | Genres: 'Action','Adventure','Fantasy' | Rating: 6.4
The Hobbit: An Unexpected Journey | Genres: 'Action','Adventure','Fantasy' | Rating: 7.0
Spider-Man 3 | Genres: 'Action','Adventure','Fantasy' | Rating: 5.9
"
The Lone Ranger,"
Recommended Movies: 
Pirates of the Caribbean: At World's End | Genres: 'Action','Adventure','Fantasy' | Rating: 6.9
Pirates of the Caribbean: Dead Man's Chest | Genres: 'Action','Adventure','Fantasy' | Rating: 7.0
Pirates of the Caribbean: The Curse of the Black Pearl | Genres: 'Action','Adventure','Fantasy' | Rating: 7.5
Rango | Genres: 'Adventure','Animation','Comedy','Family','Western' | Rating: 6.6
The Mexican | Genres: 'Action','Comedy','Crime','Romance' | Rating: 5.8
The Weather Man | Genres: 'Comedy','Drama' | Rating: 6.0
Indiana Jones and the Last Crusade | Genres: 'Action','Adventure' | Rating: 7.6
Blackthorn | Genres: 'Action','Adventure','Western' | Rating: 6.6
The Mask of Zorro | Genres: 'Action','Adventure' | Rating: 6.3
Shanghai Knights | Genres: 'Action','Adventure','Comedy','Western' | Rating: 6.0
"
Man of Steel,"
Recommended Movies: 
Batman v Superman: Dawn of Justice | Genres: 'Action','Adventure','Fantasy' | Rating: 5.7
300 | Genres: 'Action','Adventure','War' | Rating: 7.0
Sucker Punch | Genres: 'Action','Fantasy','Thriller' | Rating: 5.9
Legend of the Guardians: The Owls of Ga'Hoole | Genres: 'Adventure','Animation','Family','Fantasy' | Rating: 6.5
Dawn of the Dead | Genres: 'Action','Fantasy','Horror' | Rating: 6.8
Watchmen | Genres: 'Action','Mystery','ScienceFiction' | Rating: 7.0
Superman | Genres: 'Action','Adventure','Fantasy','ScienceFiction' | Rating: 6.9
Superman Returns | Genres: 'Action','Adventure','Fantasy','ScienceFiction' | Rating: 5.4
Superman II | Genres: 'Action','Adventure','Fantasy','ScienceFiction' | Rating: 6.5
X-Men: Days of Future Past | Genres: 'Action','Adventure','Fantasy','ScienceFiction' | Rating: 7.5
"
The Chronicles of Narnia: Prince Caspian,"
Recommended Movies: 
The Chronicles of Narnia: The Lion, the Witch and the Wardrobe | Genres: 'Adventure','Family','Fantasy' | Rating: 6.7
Cirque du Soleil: Worlds Away | Genres: 'Family','Fantasy' | Rating: 6.1
The Chronicles of Narnia: The Voyage of the Dawn Treader | Genres: 'Adventure','Family','Fantasy' | Rating: 6.2
Alice in Wonderland | Genres: 'Adventure','Family','Fantasy' | Rating: 6.4
City of Ember | Genres: 'Adventure','Family','Fantasy' | Rating: 6.2
Inkheart | Genres: 'Adventure','Family','Fantasy' | Rating: 6.0
Return to Oz | Genres: 'Adventure','Family','Fantasy' | Rating: 6.7
The Spiderwick Chronicles | Genres: 'Adventure','Family','Fantasy' | Rating: 6.3
The Adventurer: The Curse of the Midas Box | Genres: 'Adventure','Family','Fantasy' | Rating: 5.1
Pete's Dragon | Genres: 'Adventure','Family','Fantasy' | Rating: 6.2
"
The Avengers,"
Recommended Movies: 
Avengers: Age of Ultron | Genres: 'Action','Adventure','ScienceFiction' | Rating: 7.3
Serenity | Genres: 'Action','Adventure','ScienceFiction','Thriller' | Rating: 7.4
Captain America: Civil War | Genres: 'Action','Adventure','ScienceFiction' | Rating: 7.1
Captain America: The Winter Soldier | Genres: 'Action','Adventure','ScienceFiction' | Rating: 7.6
Pacific Rim | Genres: 'Action','Adventure','ScienceFiction' | Rating: 6.7
Independence Day: Resurgence | Genres: 'Action','Adventure','ScienceFiction' | Rating: 4.9
Captain America: The First Avenger | Genres: 'Action','Adventure','ScienceFiction' | Rating: 6.6
Iron Man | Genres: 'Action','Adventure','ScienceFiction' | Rating: 7.4
Megaforce | Genres: 'Action','Adventure','ScienceFiction' | Rating: 3.5
Iron Man 3 | Genres: 'Action','Adventure','ScienceFiction' | Rating: 6.8
"
Pirates of the Caribbean: On Stranger Tides,"
Recommended Movies: 
Into the Woods | Genres: 'Comedy','Fantasy','Music' | Rating: 5.6
Chicago | Genres: 'Action','Comedy','Crime','Drama','Music' | Rating: 6.9
Nine | Genres: 'Drama','Music','Romance' | Rating: 5.1
Memoirs of a Geisha | Genres: 'Drama','History','Romance' | Rating: 7.3
The Scorpion King | Genres: 'Action','Adventure','Fantasy' | Rating: 5.3
Reign of Fire | Genres: 'Action','Adventure','Fantasy' | Rating: 6.0
Dungeons & Dragons: Wrath of the Dragon God | Genres: 'Action','Adventure','Fantasy' | Rating: 4.8
Spider-Man 3 | Genres: 'Action','Adventure','Fantasy' | Rating: 5.9
Pirates of the Caribbean: At World's End | Genres: 'Action','Adventure','Fantasy' | Rating: 6.9
Pirates of the Caribbean: Dead Man's Chest | Genres: 'Action','Adventure','Fantasy' | Rating: 7.0
"
Men in Black 3,"
Recommended Movies: 
Men in Black II | Genres: 'Action','Adventure','Comedy','ScienceFiction' | Rating: 6.0
Men in Black | Genres: 'Action','Adventure','Comedy','ScienceFiction' | Rating: 6.9
Wild Wild West | Genres: 'Action','Adventure','Comedy','ScienceFiction','Western' | Rating: 5.1
Big Trouble | Genres: 'Action','Comedy','Thriller' | Rating: 6.3
Get Shorty | Genres: 'Comedy','Crime','Thriller' | Rating: 6.4
The Addams Family | Genres: 'Comedy','Fantasy','Horror' | Rating: 6.7
The Helix... Loaded | Genres: 'Action','Comedy','ScienceFiction' | Rating: 4.8
Attack the Block | Genres: 'Action','Comedy','ScienceFiction' | Rating: 6.3
Pixels | Genres: 'Action','Comedy','ScienceFiction' | Rating: 5.6
Death Race 2000 | Genres: 'Action','Comedy','ScienceFiction' | Rating: 5.9
"
The Hobbit: The Battle of the Five Armies,"
Recommended Movies: 
The Hobbit: An Unexpected Journey | Genres: 'Action','Adventure','Fantasy' | Rating: 7.0
The Hobbit: The Desolation of Smaug | Genres: 'Adventure','Fantasy' | Rating: 7.6
The Lord of the Rings: The Fellowship of the Ring | Genres: 'Action','Adventure','Fantasy' | Rating: 8.0
The Lord of the Rings: The Return of the King | Genres: 'Action','Adventure','Fantasy' | Rating: 8.1
The Lord of the Rings: The Two Towers | Genres: 'Action','Adventure','Fantasy' | Rating: 8.0
King Kong | Genres: 'Action','Adventure','Drama' | Rating: 6.6
The Lovely Bones | Genres: 'Drama','Fantasy' | Rating: 6.6
Heavenly Creatures | Genres: 'Drama','Fantasy' | Rating: 7.0
Krull | Genres: 'Action','Adventure','Fantasy' | Rating: 5.8
Clash of the Titans | Genres: 'Action','Adventure','Fantasy' | Rating: 5.6
"
The Amazing Spider-Man,"
Recommended Movies: 
The Amazing Spider-Man 2 | Genres: 'Action','Adventure','Fantasy' | Rating: 6.5
(500) Days of Summer | Genres: 'Comedy','Drama','Romance' | Rating: 7.2
Clash of the Titans | Genres: 'Action','Adventure','Fantasy' | Rating: 5.6
Pirates of the Caribbean: The Curse of the Black Pearl | Genres: 'Action','Adventure','Fantasy' | Rating: 7.5
The Hobbit: An Unexpected Journey | Genres: 'Action','Adventure','Fantasy' | Rating: 7.0
Conan the Destroyer | Genres: 'Action','Adventure','Fantasy' | Rating: 5.8
The Hobbit: The Battle of the Five Armies | Genres: 'Action','Adventure','Fantasy' | Rating: 7.1
The Last Witch Hunter | Genres: 'Action','Adventure','Fantasy' | Rating: 5.7
Highlander | Genres: 'Action','Adventure','Fantasy' | Rating: 6.8
Batman v Superman: Dawn of Justice | Genres: 'Action','Adventure','Fantasy' | Rating: 5.7
"
Robin Hood,"
Recommended Movies: 
Gladiator | Genres: 'Action','Adventure','Drama' | Rating: 7.9
Exodus: Gods and Kings | Genres: 'Action','Adventure','Drama' | Rating: 5.6
Kingdom of Heaven | Genres: 'Action','Adventure','Drama','History','War' | Rating: 6.6
White Squall | Genres: 'Action','Drama' | Rating: 6.3
Black Rain | Genres: 'Action','Crime','Thriller' | Rating: 6.2
Body of Lies | Genres: 'Action','Drama','Thriller' | Rating: 6.5
Alien | Genres: 'Action','Horror','ScienceFiction','Thriller' | Rating: 7.9
G.I. Jane | Genres: 'Action','Drama' | Rating: 6.0
The Martian | Genres: 'Adventure','Drama','ScienceFiction' | Rating: 7.6
Prometheus | Genres: 'Adventure','Mystery','ScienceFiction' | Rating: 6.3
"
The Hobbit: The Desolation of Smaug,"
Recommended Movies: 
The Hobbit: The Battle of the Five Armies | Genres: 'Action','Adventure','Fantasy' | Rating: 7.1
The Hobbit: An Unexpected Journey | Genres: 'Action','Adventure','Fantasy' | Rating: 7.0
The Lord of the Rings: The Fellowship of the Ring | Genres: 'Action','Adventure','Fantasy' | Rating: 8.0
The Lord of the Rings: The Return of the King | Genres: 'Action','Adventure','Fantasy' | Rating: 8.1
The Lord of the Rings: The Two Towers | Genres: 'Action','Adventure','Fantasy' | Rating: 8.0
The Lovely Bones | Genres: 'Drama','Fantasy' | Rating: 6.6
Heavenly Creatures | Genres: 'Drama','Fantasy' | Rating: 7.0
King Kong | Genres: 'Action','Adventure','Drama' | Rating: 6.6
The Golden Compass | Genres: 'Adventure','Fantasy' | Rating: 5.8
Seventh Son | Genres: 'Adventure','Fantasy' | Rating: 5.2
"
The Golden Compass,"
Recommended Movies: 
The Twilight Saga: New Moon | Genres: 'Adventure','Drama','Fantasy','Romance' | Rating: 5.6
A Better Life | Genres: 'Drama' | Rating: 7.0
The Hobbit: The Desolation of Smaug | Genres: 'Adventure','Fantasy' | Rating: 7.6
The Barbarians | Genres: 'Adventure','Fantasy' | Rating: 5.1
Seventh Son | Genres: 'Adventure','Fantasy' | Rating: 5.2
The 13th Warrior | Genres: 'Action','Adventure','Fantasy' | Rating: 6.4
Jumper | Genres: 'Adventure','Fantasy','ScienceFiction' | Rating: 5.9
The Scorpion King | Genres: 'Action','Adventure','Fantasy' | Rating: 5.3
Pirates of the Caribbean: At World's End | Genres: 'Action','Adventure','Fantasy' | Rating: 6.9
Pirates of the Caribbean: Dead Man's Chest | Genres: 'Action','Adventure','Fantasy' | Rating: 7.0
"
King Kong,"
Recommended Movies: 
The Hobbit: An Unexpected Journey | Genres: 'Action','Adventure','Fantasy' | Rating: 7.0
The Lord of the Rings: The Fellowship of the Ring | Genres: 'Action','Adventure','Fantasy' | Rating: 8.0
The Lord of the Rings: The Return of the King | Genres: 'Action','Adventure','Fantasy' | Rating: 8.1
The Lord of the Rings: The Two Towers | Genres: 'Action','Adventure','Fantasy' | Rating: 8.0
The Hobbit: The Battle of the Five Armies | Genres: 'Action','Adventure','Fantasy' | Rating: 7.1
Heavenly Creatures | Genres: 'Drama','Fantasy' | Rating: 7.0
The Hobbit: The Desolation of Smaug | Genres: 'Adventure','Fantasy' | Rating: 7.6
The Lovely Bones | Genres: 'Drama','Fantasy' | Rating: 6.6
Crossover | Genres: 'Action','Adventure','Drama' | Rating: 4.2
天將雄師 | Genres: 'Action','Adventure','Drama' | Rating: 5.9
"
Titanic,"
Recommended Movies: 
True Lies | Genres: 'Action','Thriller' | Rating: 6.8
The Abyss | Genres: 'Action','Adventure','ScienceFiction','Thriller' | Rating: 7.1
The Terminator | Genres: 'Action','ScienceFiction','Thriller' | Rating: 7.3
Aliens | Genres: 'Action','Horror','ScienceFiction','Thriller' | Rating: 7.7
Terminator 2: Judgment Day | Genres: 'Action','ScienceFiction','Thriller' | Rating: 7.7
Avatar | Genres: 'Action','Adventure','Fantasy','ScienceFiction' | Rating: 7.2
Die Büchse der Pandora | Genres: 'Drama','Romance','Thriller' | Rating: 7.6
Cruel Intentions | Genres: 'Drama','Romance','Thriller' | Rating: 6.6
Revolutionary Road | Genres: 'Drama','Romance' | Rating: 6.7
The Phantom of the Opera | Genres: 'Drama','Romance','Thriller' | Rating: 7.0
"
Captain America: Civil War,"
Recommended Movies: 
Captain America: The Winter Soldier | Genres: 'Action','Adventure','ScienceFiction' | Rating: 7.6
Welcome to Collinwood | Genres: 'Comedy' | Rating: 6.2
You, Me and Dupree | Genres: 'Comedy','Romance' | Rating: 5.4
Iron Man 2 | Genres: 'Action','Adventure','ScienceFiction' | Rating: 6.6
Avengers: Age of Ultron | Genres: 'Action','Adventure','ScienceFiction' | Rating: 7.3
The Avengers | Genres: 'Action','Adventure','ScienceFiction' | Rating: 7.4
Iron Man 3 | Genres: 'Action','Adventure','ScienceFiction' | Rating: 6.8
Ant-Man | Genres: 'Action','Adventure','ScienceFiction' | Rating: 7.0
Iron Man | Genres: 'Action','Adventure','ScienceFiction' | Rating: 7.4
AVP: Alien vs. Predator | Genres: 'Action','Adventure','ScienceFiction' | Rating: 5.5
"
Battleship,"
Recommended Movies: 
The Rundown | Genres: 'Action','Adventure','Comedy','Thriller' | Rating: 6.4
Lone Survivor | Genres: 'Action','Drama','Thriller','War' | Rating: 7.4
The Kingdom | Genres: 'Action','Drama','Thriller' | Rating: 6.5
Hancock | Genres: 'Action','Fantasy' | Rating: 6.2
Very Bad Things | Genres: 'Comedy','Crime','Thriller' | Rating: 6.2
Green Lantern | Genres: 'Action','Adventure','ScienceFiction','Thriller' | Rating: 5.1
The Core | Genres: 'Action','Adventure','ScienceFiction','Thriller' | Rating: 5.4
Serenity | Genres: 'Action','Adventure','ScienceFiction','Thriller' | Rating: 7.4
Predator | Genres: 'Action','Adventure','ScienceFiction','Thriller' | Rating: 7.3
A Sound of Thunder | Genres: 'Action','Adventure','ScienceFiction','Thriller' | Rating: 4.8
"
Jurassic World,"
Recommended Movies: 
Safety Not Guaranteed | Genres: 'Comedy','Drama','Romance','ScienceFiction' | Rating: 6.8
G.I. Joe: Retaliation | Genres: 'Action','Adventure','ScienceFiction','Thriller' | Rating: 5.4
A Sound of Thunder | Genres: 'Action','Adventure','ScienceFiction','Thriller' | Rating: 4.8
Mad Max: Fury Road | Genres: 'Action','Adventure','ScienceFiction','Thriller' | Rating: 7.2
X-Men: The Last Stand | Genres: 'Action','Adventure','ScienceFiction','Thriller' | Rating: 6.3
X2 | Genres: 'Action','Adventure','ScienceFiction','Thriller' | Rating: 6.8
Impostor | Genres: 'Action','ScienceFiction','Thriller' | Rating: 6.1
I Am Number Four | Genres: 'Action','Adventure','ScienceFiction','Thriller' | Rating: 5.9
Battleship | Genres: 'Action','Adventure','ScienceFiction','Thriller' | Rating: 5.5
Street Fighter: The Legend of Chun-Li | Genres: 'Action','Adventure','ScienceFiction','Thriller' | Rating: 3.9
"
Skyfall,"
Recommended Movies: 
Spectre | Genres: 'Action','Adventure','Crime' | Rating: 6.3
Road to Perdition | Genres: 'Crime','Drama','Thriller' | Rating: 7.3
Away We Go | Genres: 'Comedy','Drama','Romance' | Rating: 6.7
Jarhead | Genres: 'Drama','War' | Rating: 6.6
American Beauty | Genres: 'Drama' | Rating: 7.9
Revolutionary Road | Genres: 'Drama','Romance' | Rating: 6.7
The Expendables 2 | Genres: 'Action','Adventure','Thriller' | Rating: 6.1
The Expendables | Genres: 'Action','Adventure','Thriller' | Rating: 6.0
Casino Royale | Genres: 'Action','Adventure','Thriller' | Rating: 7.3
Sorcerer | Genres: 'Action','Adventure','Thriller' | Rating: 7.4
"
Spider-Man 2,"
Recommended Movies: 
Spider-Man 3 | Genres: 'Action','Adventure','Fantasy' | Rating: 5.9
Spider-Man | Genres: 'Action','Fantasy' | Rating: 6.8
Oz: The Great and Powerful | Genres: 'Adventure','Family','Fantasy' | Rating: 5.7
Army of Darkness | Genres: 'Comedy','Fantasy','Horror' | Rating: 7.3
The Quick and the Dead | Genres: 'Action','Western' | Rating: 6.3
Evil Dead II | Genres: 'Comedy','Fantasy','Horror' | Rating: 7.6
A Simple Plan | Genres: 'Crime','Drama','Thriller' | Rating: 6.9
Drag Me to Hell | Genres: 'Horror','Thriller' | Rating: 6.2
The Evil Dead | Genres: 'Horror' | Rating: 7.3
For Love of the Game | Genres: 'Drama','Romance' | Rating: 6.3
"
Iron Man 3,"
Recommended Movies: 
Kiss Kiss Bang Bang | Genres: 'Action','Comedy','Crime','Mystery' | Rating: 7.2
Iron Man 2 | Genres: 'Action','Adventure','ScienceFiction' | Rating: 6.6
Captain America: Civil War | Genres: 'Action','Adventure','ScienceFiction' | Rating: 7.1
Independence Day | Genres: 'Action','Adventure','ScienceFiction' | Rating: 6.7
The Lost World: Jurassic Park | Genres: 'Action','Adventure','ScienceFiction' | Rating: 6.2
Iron Man | Genres: 'Action','Adventure','ScienceFiction' | Rating: 7.4
Avengers: Age of Ultron | Genres: 'Action','Adventure','ScienceFiction' | Rating: 7.3
The Avengers | Genres: 'Action','Adventure','ScienceFiction' | Rating: 7.4
Pacific Rim | Genres: 'Action','Adventure','ScienceFiction' | Rating: 6.7
The Blood of Heroes | Genres: 'Action','Adventure','ScienceFiction' | Rating: 5.9
"
Alice in Wonderland,"
Recommended Movies: 
Charlie and the Chocolate Factory | Genres: 'Adventure','Comedy','Family','Fantasy' | Rating: 6.7
Big Fish | Genres: 'Adventure','Drama','Fantasy' | Rating: 7.6
Dark Shadows | Genres: 'Comedy','Fantasy' | Rating: 5.7
Batman Returns | Genres: 'Action','Fantasy' | Rating: 6.6
Beetlejuice | Genres: 'Comedy','Fantasy' | Rating: 7.1
Edward Scissorhands | Genres: 'Drama','Fantasy','Romance' | Rating: 7.5
Batman | Genres: 'Action','Fantasy' | Rating: 7.0
Mars Attacks! | Genres: 'Comedy','Fantasy','ScienceFiction' | Rating: 6.1
Planet of the Apes | Genres: 'Action','Adventure','ScienceFiction','Thriller' | Rating: 5.6
Frankenweenie | Genres: 'Animation','Comedy','Family' | Rating: 6.6
"
X-Men: The Last Stand,"
Recommended Movies: 
Hercules | Genres: 'Action','Adventure' | Rating: 5.6
Money Talks | Genres: 'Action','Adventure','Comedy' | Rating: 5.9
Rush Hour 3 | Genres: 'Action','Comedy','Crime','Thriller' | Rating: 6.1
Rush Hour 2 | Genres: 'Action','Comedy','Crime','Thriller' | Rating: 6.4
Tower Heist | Genres: 'Action','Comedy' | Rating: 5.8
After the Sunset | Genres: 'Action','Comedy','Crime','Drama' | Rating: 6.0
Red Dragon | Genres: 'Crime','Horror','Thriller' | Rating: 6.7
The Family Man | Genres: 'Comedy','Drama','Fantasy','Romance' | Rating: 6.5
X2 | Genres: 'Action','Adventure','ScienceFiction','Thriller' | Rating: 6.8
X-Men | Genres: 'Action','Adventure','ScienceFiction' | Rating: 6.8
"
Monsters University,"
Recommended Movies: 
Home on the Range | Genres: 'Animation','Family' | Rating: 5.7
Madagascar 3: Europe's Most Wanted | Genres: 'Animation','Family' | Rating: 6.4
The Angry Birds Movie | Genres: 'Animation','Family' | Rating: 5.9
Madagascar: Escape 2 Africa | Genres: 'Animation','Family' | Rating: 6.2
Madagascar | Genres: 'Animation','Family' | Rating: 6.6
The Secret Life of Pets | Genres: 'Animation','Family' | Rating: 5.9
Белка и Стрелка. Звёздные собаки | Genres: 'Animation','Family' | Rating: 6.3
Kung Fu Panda 2 | Genres: 'Animation','Family' | Rating: 6.7
Turbo | Genres: 'Animation','Family' | Rating: 6.1
Pooh's Heffalump Movie | Genres: 'Animation','Family' | Rating: 6.4
"
Transformers: Revenge of the Fallen,"
Recommended Movies: 
Transformers | Genres: 'Action','Adventure','ScienceFiction' | Rating: 6.6
Transformers: Dark of the Moon | Genres: 'Action','Adventure','ScienceFiction' | Rating: 6.1
Transformers: Age of Extinction | Genres: 'Action','Adventure','ScienceFiction' | Rating: 5.8
The Island | Genres: 'Action','Adventure','ScienceFiction','Thriller' | Rating: 6.5
Armageddon | Genres: 'Action','Adventure','ScienceFiction','Thriller' | Rating: 6.4
The Rock | Genres: 'Action','Adventure','Thriller' | Rating: 6.9
Bad Boys II | Genres: 'Action','Adventure','Comedy','Crime','Thriller' | Rating: 6.3
Pain & Gain | Genres: 'Action','Crime','Thriller' | Rating: 6.1
13 Hours: The Secret Soldiers of Benghazi | Genres: 'Action','Drama','History','Thriller','War' | Rating: 7.0
Bad Boys | Genres: 'Action','Comedy','Crime','Thriller' | Rating: 6.5
"
Transformers: Age of Extinction,"
Recommended Movies: 
Transformers: Dark of the Moon | Genres: 'Action','Adventure','ScienceFiction' | Rating: 6.1
Transformers | Genres: 'Action','Adventure','ScienceFiction' | Rating: 6.6
Transformers: Revenge of the Fallen | Genres: 'Action','Adventure','ScienceFiction' | Rating: 6.0
Armageddon | Genres: 'Action','Adventure','ScienceFiction','Thriller' | Rating: 6.4
The Island | Genres: 'Action','Adventure','ScienceFiction','Thriller' | Rating: 6.5
The Rock | Genres: 'Action','Adventure','Thriller' | Rating: 6.9
Bad Boys II | Genres: 'Action','Adventure','Comedy','Crime','Thriller' | Rating: 6.3
Pain & Gain | Genres: 'Action','Crime','Thriller' | Rating: 6.1
Bad Boys | Genres: 'Action','Comedy','Crime','Thriller' | Rating: 6.5
13 Hours: The Secret Soldiers of Benghazi | Genres: 'Action','Drama','History','Thriller','War' | Rating: 7.0
"
Oz: The Great and Powerful,"
Recommended Movies: 
Spider-Man 3 | Genres: 'Action','Adventure','Fantasy' | Rating: 5.9
Spider-Man 2 | Genres: 'Action','Adventure','Fantasy' | Rating: 6.7
Spider-Man | Genres: 'Action','Fantasy' | Rating: 6.8
Army of Darkness | Genres: 'Comedy','Fantasy','Horror' | Rating: 7.3
Evil Dead II | Genres: 'Comedy','Fantasy','Horror' | Rating: 7.6
For Love of the Game | Genres: 'Drama','Romance' | Rating: 6.3
Drag Me to Hell | Genres: 'Horror','Thriller' | Rating: 6.2
The Evil Dead | Genres: 'Horror' | Rating: 7.3
The Quick and the Dead | Genres: 'Action','Western' | Rating: 6.3
A Simple Plan | Genres: 'Crime','Drama','Thriller' | Rating: 6.9
"
The Amazing Spider-Man 2,"
Recommended Movies: 
The Amazing Spider-Man | Genres: 'Action','Adventure','Fantasy' | Rating: 6.5
(500) Days of Summer | Genres: 'Comedy','Drama','Romance' | Rating: 7.2
Spider-Man 2 | Genres: 'Action','Adventure','Fantasy' | Rating: 6.7
Batman v Superman: Dawn of Justice | Genres: 'Action','Adventure','Fantasy' | Rating: 5.7
Conan the Destroyer | Genres: 'Action','Adventure','Fantasy' | Rating: 5.8
The Mummy: Tomb of the Dragon Emperor | Genres: 'Action','Adventure','Fantasy' | Rating: 5.2
Conan the Barbarian | Genres: 'Action','Adventure','Fantasy' | Rating: 6.6
The Hobbit: The Battle of the Five Armies | Genres: 'Action','Adventure','Fantasy' | Rating: 7.1
Pirates of the Caribbean: The Curse of the Black Pearl | Genres: 'Action','Adventure','Fantasy' | Rating: 7.5
Clash of the Titans | Genres: 'Action','Adventure','Fantasy' | Rating: 5.6
"
TRON: Legacy,"
Recommended Movies: 
Oblivion | Genres: 'Action','Adventure','Mystery','ScienceFiction' | Rating: 6.4
The Hunger Games: Mockingjay - Part 2 | Genres: 'Action','Adventure','ScienceFiction' | Rating: 6.6
The Hunger Games: Catching Fire | Genres: 'Action','Adventure','ScienceFiction' | Rating: 7.4
Timeline | Genres: 'Action','Adventure','ScienceFiction' | Rating: 5.4
Ender's Game | Genres: 'Action','Adventure','ScienceFiction' | Rating: 6.6
Journey 2: The Mysterious Island | Genres: 'Action','Adventure','ScienceFiction' | Rating: 5.8
Independence Day: Resurgence | Genres: 'Action','Adventure','ScienceFiction' | Rating: 4.9
Independence Day | Genres: 'Action','Adventure','ScienceFiction' | Rating: 6.7
The Lost World: Jurassic Park | Genres: 'Action','Adventure','ScienceFiction' | Rating: 6.2
Steel | Genres: 'Action','Adventure','ScienceFiction' | Rating: 4.3
"
Cars 2,"
Recommended Movies: 
Cars | Genres: 'Adventure','Animation','Comedy','Family' | Rating: 6.6
Alvin and the Chipmunks: The Road Chip | Genres: 'Adventure','Animation','Comedy','Family' | Rating: 5.8
Fantastic Mr. Fox | Genres: 'Adventure','Animation','Comedy','Family' | Rating: 7.5
Bolt | Genres: 'Adventure','Animation','Comedy','Family' | Rating: 6.3
Rio | Genres: 'Adventure','Animation','Comedy','Family' | Rating: 6.5
TMNT | Genres: 'Adventure','Animation','Comedy','Family' | Rating: 6.0
Rio 2 | Genres: 'Adventure','Animation','Comedy','Family' | Rating: 6.3
The Lion of Judah | Genres: 'Adventure','Animation','Comedy','Family' | Rating: 5.8
Curious George | Genres: 'Adventure','Animation','Comedy','Family' | Rating: 6.2
Penguins of Madagascar | Genres: 'Adventure','Animation','Comedy','Family' | Rating: 6.5
"
Green Lantern,"
Recommended Movies: 
Vertical Limit | Genres: 'Action','Adventure','Thriller' | Rating: 5.9
GoldenEye | Genres: 'Action','Adventure','Thriller' | Rating: 6.6
Casino Royale | Genres: 'Action','Adventure','Thriller' | Rating: 7.3
The Mask of Zorro | Genres: 'Action','Adventure' | Rating: 6.3
The Legend of Zorro | Genres: 'Action','Adventure' | Rating: 5.9
Beyond Borders | Genres: 'Adventure','Drama','Romance','War' | Rating: 6.7
Edge of Darkness | Genres: 'Crime','Drama','Mystery','Thriller' | Rating: 6.2
Battleship | Genres: 'Action','Adventure','ScienceFiction','Thriller' | Rating: 5.5
X-Men Origins: Wolverine | Genres: 'Action','Adventure','ScienceFiction','Thriller' | Rating: 6.2
Armageddon | Genres: 'Action','Adventure','ScienceFiction','Thriller' | Rating: 6.4
"
Toy Story 3,"
Recommended Movies: 
Toy Story 2 | Genres: 'Animation','Comedy','Family' | Rating: 7.3
Hop | Genres: 'Animation','Comedy','Family' | Rating: 5.5
Hoodwinked Too! Hood VS. Evil | Genres: 'Animation','Comedy','Family' | Rating: 4.8
Hoodwinked! | Genres: 'Animation','Comedy','Family' | Rating: 5.9
Cloudy with a Chance of Meatballs 2 | Genres: 'Animation','Comedy','Family' | Rating: 6.4
Toy Story | Genres: 'Animation','Comedy','Family' | Rating: 7.7
Monsters, Inc. | Genres: 'Animation','Comedy','Family' | Rating: 7.5
Meet the Deedles | Genres: 'Animation','Comedy','Family' | Rating: 4.1
Cats Don't Dance | Genres: 'Animation','Comedy','Family','Music' | Rating: 7.1
Cloudy with a Chance of Meatballs | Genres: 'Animation','Comedy','Family' | Rating: 6.5
"
Terminator Salvation,"
Recommended Movies: 
3 Days to Kill | Genres: 'Action','Crime','Drama','Thriller' | Rating: 6.0
Charlie's Angels | Genres: 'Action','Adventure','Comedy','Crime','Thriller' | Rating: 5.6
This Means War | Genres: 'Action','Comedy','Romance' | Rating: 5.9
Charlie's Angels: Full Throttle | Genres: 'Action','Adventure','Comedy' | Rating: 5.2
We Are Marshall | Genres: 'Drama' | Rating: 6.7
Ultraviolet | Genres: 'Action','ScienceFiction','Thriller' | Rating: 4.8
Equilibrium | Genres: 'Action','ScienceFiction','Thriller' | Rating: 6.9
Doomsday | Genres: 'Action','ScienceFiction','Thriller' | Rating: 5.8
The Terminator | Genres: 'Action','ScienceFiction','Thriller' | Rating: 7.3
Surrogates | Genres: 'Action','ScienceFiction','Thriller' | Rating: 5.9
"
Furious 7,"
Recommended Movies: 
Death Sentence | Genres: 'Action','Crime','Drama','Thriller' | Rating: 6.5
The Conjuring 2 | Genres: 'Horror' | Rating: 7.0
The Conjuring | Genres: 'Horror','Thriller' | Rating: 7.4
Saw | Genres: 'Crime','Horror','Mystery' | Rating: 7.2
Insidious: Chapter 2 | Genres: 'Horror','Thriller' | Rating: 6.5
Insidious | Genres: 'Horror','Thriller' | Rating: 6.8
State of Play | Genres: 'Action' | Rating: 6.7
The Man with the Iron Fists | Genres: 'Action' | Rating: 5.2
Pound of Flesh | Genres: 'Action' | Rating: 5.5
Max Payne | Genres: 'Action' | Rating: 5.2
"
World War Z,"
Recommended Movies: 
Everything Put Together | Genres: 'Drama' | Rating: 5.0
Machine Gun Preacher | Genres: 'Action','Crime','Thriller' | Rating: 6.4
The Kite Runner | Genres: 'Drama' | Rating: 7.3
Quantum of Solace | Genres: 'Action','Adventure','Crime','Thriller' | Rating: 6.1
Monster's Ball | Genres: 'Drama','Romance' | Rating: 6.5
Finding Neverland | Genres: 'Drama' | Rating: 7.2
Stranger Than Fiction | Genres: 'Comedy','Drama','Fantasy','Romance' | Rating: 7.1
I Am Legend | Genres: 'Action','Drama','Horror','ScienceFiction','Thriller' | Rating: 6.9
Phantasm II | Genres: 'Action','Horror','ScienceFiction','Thriller' | Rating: 6.3
Elysium | Genres: 'Action','Drama','ScienceFiction','Thriller' | Rating: 6.4
"
X-Men: Days of Future Past,"
Recommended Movies: 
Superman Returns | Genres: 'Action','Adventure','Fantasy','ScienceFiction' | Rating: 5.4
X-Men | Genres: 'Action','Adventure','ScienceFiction' | Rating: 6.8
X2 | Genres: 'Action','Adventure','ScienceFiction','Thriller' | Rating: 6.8
X-Men: Apocalypse | Genres: 'ScienceFiction' | Rating: 6.4
Jack the Giant Slayer | Genres: 'Action','Family','Fantasy' | Rating: 5.5
Valkyrie | Genres: 'Drama','History','Thriller','War' | Rating: 6.7
The Usual Suspects | Genres: 'Crime','Drama','Thriller' | Rating: 8.1
The Wolverine | Genres: 'Action','Adventure','Fantasy','ScienceFiction' | Rating: 6.3
X-Men: First Class | Genres: 'Action','Adventure','ScienceFiction' | Rating: 7.1
Man of Steel | Genres: 'Action','Adventure','Fantasy','ScienceFiction' | Rating: 6.5
"
Star Trek Into Darkness,"
Recommended Movies: 
Star Trek | Genres: 'Action','Adventure','ScienceFiction' | Rating: 7.4
Mission: Impossible III | Genres: 'Action','Adventure','Thriller' | Rating: 6.5
Super 8 | Genres: 'Mystery','ScienceFiction','Thriller' | Rating: 6.6
Star Trek Beyond | Genres: 'Action','Adventure','ScienceFiction' | Rating: 6.6
Guardians of the Galaxy | Genres: 'Action','Adventure','ScienceFiction' | Rating: 7.9
Ant-Man | Genres: 'Action','Adventure','ScienceFiction' | Rating: 7.0
Iron Man 2 | Genres: 'Action','Adventure','ScienceFiction' | Rating: 6.6
Megaforce | Genres: 'Action','Adventure','ScienceFiction' | Rating: 3.5
Transformers: Age of Extinction | Genres: 'Action','Adventure','ScienceFiction' | Rating: 5.8
Iron Man 3 | Genres: 'Action','Adventure','ScienceFiction' | Rating: 6.8
"
Jack the Giant Slayer,"
Recommended Movies: 
Superman Returns | Genres: 'Action','Adventure','Fantasy','ScienceFiction' | Rating: 5.4
X-Men: Days of Future Past | Genres: 'Action','Adventure','Fantasy','ScienceFiction' | Rating: 7.5
X-Men | Genres: 'Action','Adventure','ScienceFiction' | Rating: 6.8
X2 | Genres: 'Action','Adventure','ScienceFiction','Thriller' | Rating: 6.8
Valkyrie | Genres: 'Drama','History','Thriller','War' | Rating: 6.7
X-Men: Apocalypse | Genres: 'ScienceFiction' | Rating: 6.4
The Usual Suspects | Genres: 'Crime','Drama','Thriller' | Rating: 8.1
The Nutcracker: The Untold Story | Genres: 'Action','Family','Fantasy' | Rating: 5.4
Warriors of Virtue | Genres: 'Action','Family','Fantasy' | Rating: 4.7
Batman | Genres: 'Action','Fantasy' | Rating: 7.0
"
The Great Gatsby,"
Recommended Movies: 
Romeo + Juliet | Genres: 'Drama','Romance' | Rating: 6.7
Moulin Rouge! | Genres: 'Drama','Music','Romance' | Rating: 7.4
Australia | Genres: 'Drama' | Rating: 6.3
Me You and Five Bucks | Genres: 'Comedy','Drama','Romance' | Rating: 10.0
What's Eating Gilbert Grape | Genres: 'Drama','Romance' | Rating: 7.5
The Majestic | Genres: 'Drama','Romance' | Rating: 6.6
Notes on a Scandal | Genres: 'Drama','Romance' | Rating: 6.9
Against the Ropes | Genres: 'Drama','Romance' | Rating: 4.5
The Shipping News | Genres: 'Drama','Romance' | Rating: 6.4
The Best of Me | Genres: 'Drama','Romance' | Rating: 7.2
"
Prince of Persia: The Sands of Time,"
Recommended Movies: 
Harry Potter and the Goblet of Fire | Genres: 'Adventure','Family','Fantasy' | Rating: 7.5
Mona Lisa Smile | Genres: 'Drama','Romance' | Rating: 6.5
Love in the Time of Cholera | Genres: 'Drama','Romance' | Rating: 6.4
Four Weddings and a Funeral | Genres: 'Comedy','Drama','Romance' | Rating: 6.6
Pushing Tin | Genres: 'Comedy','Drama' | Rating: 5.7
Donnie Brasco | Genres: 'Crime','Drama','Thriller' | Rating: 7.4
Pirates of the Caribbean: The Curse of the Black Pearl | Genres: 'Action','Adventure','Fantasy' | Rating: 7.5
Pirates of the Caribbean: At World's End | Genres: 'Action','Adventure','Fantasy' | Rating: 6.9
Pirates of the Caribbean: Dead Man's Chest | Genres: 'Action','Adventure','Fantasy' | Rating: 7.0
Batman v Superman: Dawn of Justice | Genres: 'Action','Adventure','Fantasy' | Rating: 5.7
"
Pacific Rim,"
Recommended Movies: 
Hellboy II: The Golden Army | Genres: 'Adventure','Fantasy','ScienceFiction' | Rating: 6.5
Hellboy | Genres: 'Action','Fantasy','ScienceFiction' | Rating: 6.5
Blade II | Genres: 'Action','Fantasy','Horror','Thriller' | Rating: 6.2
El laberinto del fauno | Genres: 'Drama','Fantasy','War' | Rating: 7.6
Star Wars: Episode III - Revenge of the Sith | Genres: 'Action','Adventure','ScienceFiction' | Rating: 7.1
Star Wars: Episode II - Attack of the Clones | Genres: 'Action','Adventure','ScienceFiction' | Rating: 6.4
Avengers: Age of Ultron | Genres: 'Action','Adventure','ScienceFiction' | Rating: 7.3
The Avengers | Genres: 'Action','Adventure','ScienceFiction' | Rating: 7.4
Ant-Man | Genres: 'Action','Adventure','ScienceFiction' | Rating: 7.0
Return of the Jedi | Genres: 'Action','Adventure','ScienceFiction' | Rating: 7.9
"
Transformers: Dark of the Moon,"
Recommended Movies: 
Transformers | Genres: 'Action','Adventure','ScienceFiction' | Rating: 6.6
Transformers: Revenge of the Fallen | Genres: 'Action','Adventure','ScienceFiction' | Rating: 6.0
Transformers: Age of Extinction | Genres: 'Action','Adventure','ScienceFiction' | Rating: 5.8
The Island | Genres: 'Action','Adventure','ScienceFiction','Thriller' | Rating: 6.5
Armageddon | Genres: 'Action','Adventure','ScienceFiction','Thriller' | Rating: 6.4
The Rock | Genres: 'Action','Adventure','Thriller' | Rating: 6.9
Bad Boys II | Genres: 'Action','Adventure','Comedy','Crime','Thriller' | Rating: 6.3
13 Hours: The Secret Soldiers of Benghazi | Genres: 'Action','Drama','History','Thriller','War' | Rating: 7.0
Pain & Gain | Genres: 'Action','Crime','Thriller' | Rating: 6.1
Bad Boys | Genres: 'Action','Comedy','Crime','Thriller' | Rating: 6.5
"
Indiana Jones and the Kingdom of the Crystal Skull,"
Recommended Movies: 
Indiana Jones and the Last Crusade | Genres: 'Action','Adventure' | Rating: 7.6
Raiders of the Lost Ark | Genres: 'Action','Adventure' | Rating: 7.7
Indiana Jones and the Temple of Doom | Genres: 'Action','Adventure' | Rating: 7.1
The Lost World: Jurassic Park | Genres: 'Action','Adventure','ScienceFiction' | Rating: 6.2
1941 | Genres: 'Action','Comedy' | Rating: 5.6
Jurassic Park | Genres: 'Adventure','ScienceFiction' | Rating: 7.6
Jaws | Genres: 'Adventure','Horror','Thriller' | Rating: 7.5
A.I. Artificial Intelligence | Genres: 'Adventure','Drama','ScienceFiction' | Rating: 6.8
The BFG | Genres: 'Adventure','Family','Fantasy' | Rating: 6.0
The Adventures of Tintin | Genres: 'Adventure','Animation','Mystery' | Rating: 6.7
"
The Good Dinosaur,"
Recommended Movies: 
Mars Needs Moms | Genres: 'Adventure','Animation','Family' | Rating: 5.5
The Jungle Book 2 | Genres: 'Adventure','Animation','Family' | Rating: 5.6
The Tale of Despereaux | Genres: 'Adventure','Animation','Family' | Rating: 5.8
The Land Before Time | Genres: 'Adventure','Animation','Family' | Rating: 7.0
Valiant | Genres: 'Adventure','Animation','Family' | Rating: 5.2
Sinbad: Legend of the Seven Seas | Genres: 'Adventure','Animation','Family' | Rating: 6.6
Jungle Shuffle | Genres: 'Adventure','Animation','Family' | Rating: 6.5
La véritable histoire du Chat Botté | Genres: 'Adventure','Animation','Family' | Rating: 3.8
Frozen | Genres: 'Adventure','Animation','Family' | Rating: 7.3
Bee Movie | Genres: 'Adventure','Animation','Comedy','Family' | Rating: 5.7
"
Brave,"
Recommended Movies: 
How to Train Your Dragon 2 | Genres: 'Action','Adventure','Animation','Comedy','Family','Fantasy' | Rating: 7.6
Shrek Forever After | Genres: 'Adventure','Animation','Comedy','Family','Fantasy' | Rating: 6.0
Monkeybone | Genres: 'Action','Adventure','Animation','Comedy','Fantasy' | Rating: 4.3
Shrek the Third | Genres: 'Adventure','Animation','Comedy','Family','Fantasy' | Rating: 6.0
Shrek 2 | Genres: 'Adventure','Animation','Comedy','Family','Fantasy' | Rating: 6.7
The Croods | Genres: 'Adventure','Animation','Comedy','Family','Fantasy' | Rating: 6.8
Shrek | Genres: 'Adventure','Animation','Comedy','Family','Fantasy' | Rating: 7.3
Bolt | Genres: 'Adventure','Animation','Comedy','Family' | Rating: 6.3
Night at the Museum | Genres: 'Action','Adventure','Comedy','Family','Fantasy' | Rating: 6.3
兔侠传奇 | Genres: 'Action','Adventure','Animation','Comedy','Family' | Rating: 3.0
"
Star Trek Beyond,"
Recommended Movies: 
The Fast and the Furious: Tokyo Drift | Genres: 'Action','Crime','Drama','Thriller' | Rating: 6.1
Fast Five | Genres: 'Action','Crime','Thriller' | Rating: 7.1
Better Luck Tomorrow | Genres: 'Crime','Drama' | Rating: 6.5
Finishing The Game | Genres: 'Comedy' | Rating: 4.9
Star Trek Into Darkness | Genres: 'Action','Adventure','ScienceFiction' | Rating: 7.4
Transformers: Age of Extinction | Genres: 'Action','Adventure','ScienceFiction' | Rating: 5.8
Star Trek | Genres: 'Action','Adventure','ScienceFiction' | Rating: 7.4
Megaforce | Genres: 'Action','Adventure','ScienceFiction' | Rating: 3.5
Ant-Man | Genres: 'Action','Adventure','ScienceFiction' | Rating: 7.0
John Carter | Genres: 'Action','Adventure','ScienceFiction' | Rating: 6.1
"
WALL·E,"
Recommended Movies: 
Finding Nemo | Genres: 'Animation','Family' | Rating: 7.6
John Carter | Genres: 'Action','Adventure','ScienceFiction' | Rating: 6.1
The Tigger Movie | Genres: 'Animation','Family' | Rating: 6.3
Barney's Great Adventure | Genres: 'Family' | Rating: 2.9
Kung Fu Panda 2 | Genres: 'Animation','Family' | Rating: 6.7
Pooh's Heffalump Movie | Genres: 'Animation','Family' | Rating: 6.4
Coraline | Genres: 'Animation','Family' | Rating: 7.3
Monsters University | Genres: 'Animation','Family' | Rating: 7.0
Home on the Range | Genres: 'Animation','Family' | Rating: 5.7
Despicable Me | Genres: 'Animation','Family' | Rating: 7.1
"
Rush Hour 3,"
Recommended Movies: 
Rush Hour 2 | Genres: 'Action','Comedy','Crime','Thriller' | Rating: 6.4
After the Sunset | Genres: 'Action','Comedy','Crime','Drama' | Rating: 6.0
Tower Heist | Genres: 'Action','Comedy' | Rating: 5.8
Money Talks | Genres: 'Action','Adventure','Comedy' | Rating: 5.9
Red Dragon | Genres: 'Crime','Horror','Thriller' | Rating: 6.7
X-Men: The Last Stand | Genres: 'Action','Adventure','ScienceFiction','Thriller' | Rating: 6.3
Hercules | Genres: 'Action','Adventure' | Rating: 5.6
The Family Man | Genres: 'Comedy','Drama','Fantasy','Romance' | Rating: 6.5
RED 2 | Genres: 'Action','Comedy','Crime','Thriller' | Rating: 6.4
Smokin' Aces | Genres: 'Action','Comedy','Crime','Thriller' | Rating: 6.4
"
2012,"
Recommended Movies: 
Independence Day: Resurgence | Genres: 'Action','Adventure','ScienceFiction' | Rating: 4.9
Independence Day | Genres: 'Action','Adventure','ScienceFiction' | Rating: 6.7
The Day After Tomorrow | Genres: 'Action','Adventure','ScienceFiction','Thriller' | Rating: 6.2
White House Down | Genres: 'Action','Drama','Thriller' | Rating: 6.4
The Patriot | Genres: 'Action','Drama','History','War' | Rating: 6.8
Anonymous | Genres: 'Drama','History','Thriller' | Rating: 6.3
Stonewall | Genres: 'Drama' | Rating: 5.2
The Lost World: Jurassic Park | Genres: 'Action','Adventure','ScienceFiction' | Rating: 6.2
Captain America: The Winter Soldier | Genres: 'Action','Adventure','ScienceFiction' | Rating: 7.6
Star Wars: Episode I - The Phantom Menace | Genres: 'Action','Adventure','ScienceFiction' | Rating: 6.3
"
A Christmas Carol,"
Recommended Movies: 
Flight | Genres: 'Drama' | Rating: 6.5
The Walk | Genres: 'Adventure','Drama','Thriller' | Rating: 6.9
Cast Away | Genres: 'Adventure','Drama' | Rating: 7.5
Forrest Gump | Genres: 'Comedy','Drama','Romance' | Rating: 8.2
Contact | Genres: 'Drama','Mystery','ScienceFiction' | Rating: 7.2
The Polar Express | Genres: 'Adventure','Animation','Family','Fantasy' | Rating: 6.4
Beowulf | Genres: 'Action','Adventure','Animation' | Rating: 5.5
What Lies Beneath | Genres: 'Drama','Horror','Mystery','Thriller' | Rating: 6.3
Back to the Future | Genres: 'Adventure','Comedy','Family','ScienceFiction' | Rating: 8.0
Back to the Future Part II | Genres: 'Adventure','Comedy','Family','ScienceFiction' | Rating: 7.4
"
Jupiter Ascending,"
Recommended Movies: 
Speed Racer | Genres: 'Action','Family','ScienceFiction' | Rating: 5.7
The Matrix Revolutions | Genres: 'Action','Adventure','ScienceFiction','Thriller' | Rating: 6.4
The Matrix Reloaded | Genres: 'Action','Adventure','ScienceFiction','Thriller' | Rating: 6.7
The Matrix | Genres: 'Action','ScienceFiction' | Rating: 7.9
Bound | Genres: 'Crime','Drama','Romance','Thriller' | Rating: 6.9
Superman Returns | Genres: 'Action','Adventure','Fantasy','ScienceFiction' | Rating: 5.4
Man of Steel | Genres: 'Action','Adventure','Fantasy','ScienceFiction' | Rating: 6.5
Superman | Genres: 'Action','Adventure','Fantasy','ScienceFiction' | Rating: 6.9
Avatar | Genres: 'Action','Adventure','Fantasy','ScienceFiction' | Rating: 7.2
Beastmaster 2: Through the Portal of Time | Genres: 'Action','Adventure','Fantasy','ScienceFiction' | Rating: 4.6
"
The Legend of Tarzan,"
Recommended Movies: 
Harry Potter and the Order of the Phoenix | Genres: 'Adventure','Family','Fantasy','Mystery' | Rating: 7.4
Harry Potter and the Half-Blood Prince | Genres: 'Adventure','Family','Fantasy' | Rating: 7.4
Cotton Comes to Harlem | Genres: 'Action','Adventure' | Rating: 6.7
The Legend of Hercules | Genres: 'Action','Adventure' | Rating: 4.4
Robin Hood | Genres: 'Action','Adventure' | Rating: 6.2
Falcon Rising | Genres: 'Action','Adventure' | Rating: 5.5
The Mask of Zorro | Genres: 'Action','Adventure' | Rating: 6.3
Indiana Jones and the Kingdom of the Crystal Skull | Genres: 'Action','Adventure' | Rating: 5.7
Waterworld | Genres: 'Action','Adventure' | Rating: 5.9
The Legend of Zorro | Genres: 'Action','Adventure' | Rating: 5.9
"
"The Chronicles of Narnia: The Lion, the Witch and the Wardrobe","
Recommended Movies: 
The Chronicles of Narnia: Prince Caspian | Genres: 'Adventure','Family','Fantasy' | Rating: 6.3
Cirque du Soleil: Worlds Away | Genres: 'Family','Fantasy' | Rating: 6.1
The Chronicles of Narnia: The Voyage of the Dawn Treader | Genres: 'Adventure','Family','Fantasy' | Rating: 6.2
Alice in Wonderland | Genres: 'Adventure','Family','Fantasy' | Rating: 6.4
City of Ember | Genres: 'Adventure','Family','Fantasy' | Rating: 6.2
The Spiderwick Chronicles | Genres: 'Adventure','Family','Fantasy' | Rating: 6.3
Inkheart | Genres: 'Adventure','Family','Fantasy' | Rating: 6.0
Pan | Genres: 'Adventure','Family','Fantasy' | Rating: 5.9
Pete's Dragon | Genres: 'Adventure','Family','Fantasy' | Rating: 6.2
The Adventurer: The Curse of the Midas Box | Genres: 'Adventure','Family','Fantasy' | Rating: 5.1
"
X-Men: Apocalypse,"
Recommended Movies: 
X-Men: Days of Future Past | Genres: 'Action','Adventure','Fantasy','ScienceFiction' | Rating: 7.5
Superman Returns | Genres: 'Action','Adventure','Fantasy','ScienceFiction' | Rating: 5.4
X-Men | Genres: 'Action','Adventure','ScienceFiction' | Rating: 6.8
X2 | Genres: 'Action','Adventure','ScienceFiction','Thriller' | Rating: 6.8
Jack the Giant Slayer | Genres: 'Action','Family','Fantasy' | Rating: 5.5
Valkyrie | Genres: 'Drama','History','Thriller','War' | Rating: 6.7
The Usual Suspects | Genres: 'Crime','Drama','Thriller' | Rating: 8.1
Barbarella | Genres: 'ScienceFiction' | Rating: 5.7
Mutant World | Genres: 'ScienceFiction' | Rating: 2.6
Queen Crab | Genres: 'ScienceFiction' | Rating: 3.3
"
The Dark Knight,"
Recommended Movies: 
The Dark Knight | Genres: 'Action','Crime','Drama','Thriller' | Rating: 8.2
Batman Begins | Genres: 'Action','Crime','Drama' | Rating: 7.5
The Prestige | Genres: 'Drama','Mystery','Thriller' | Rating: 8.0
Insomnia | Genres: 'Crime','Mystery','Thriller' | Rating: 6.8
Inception | Genres: 'Action','Adventure','Mystery','ScienceFiction','Thriller' | Rating: 8.1
Memento | Genres: 'Mystery','Thriller' | Rating: 8.1
Interstellar | Genres: 'Adventure','Drama','ScienceFiction' | Rating: 8.1
Takers | Genres: 'Action','Crime','Drama','Thriller' | Rating: 6.0
Mercury Rising | Genres: 'Action','Crime','Drama','Thriller' | Rating: 6.0
Harry Brown | Genres: 'Action','Crime','Drama','Thriller' | Rating: 6.7
"
Up,"
Recommended Movies: 
Monsters, Inc. | Genres: 'Animation','Comedy','Family' | Rating: 7.5
Inside Out | Genres: 'Animation','Comedy','Drama','Family' | Rating: 8.0
The Pirates! In an Adventure with Scientists! | Genres: 'Adventure','Animation','Comedy','Family' | Rating: 6.4
Yogi Bear | Genres: 'Adventure','Animation','Comedy','Family' | Rating: 5.2
The Road to El Dorado | Genres: 'Adventure','Animation','Comedy','Family' | Rating: 7.0
Kung Fu Panda | Genres: 'Adventure','Animation','Comedy','Family' | Rating: 6.9
The Nut Job | Genres: 'Adventure','Animation','Comedy','Family' | Rating: 5.5
The Curse of the Were-Rabbit | Genres: 'Adventure','Animation','Comedy','Family' | Rating: 6.8
Cars | Genres: 'Adventure','Animation','Comedy','Family' | Rating: 6.6
Fantastic Mr. Fox | Genres: 'Adventure','Animation','Comedy','Family' | Rating: 7.5
"
Monsters vs Aliens,"
Recommended Movies: 
Lost in Space | Genres: 'Adventure','Family','ScienceFiction' | Rating: 5.0
Earth to Echo | Genres: 'Adventure','Family','ScienceFiction' | Rating: 5.7
Planet 51 | Genres: 'Adventure','Animation','Comedy','Family','ScienceFiction' | Rating: 5.6
Atlantis: The Lost Empire | Genres: 'Adventure','Animation','Family','ScienceFiction' | Rating: 6.7
Mulan | Genres: 'Adventure','Animation','Family' | Rating: 7.6
La véritable histoire du Chat Botté | Genres: 'Adventure','Animation','Family' | Rating: 3.8
The Land Before Time | Genres: 'Adventure','Animation','Family' | Rating: 7.0
Treasure Planet | Genres: 'Adventure','Animation','Family','Fantasy','ScienceFiction' | Rating: 7.2
Walking With Dinosaurs | Genres: 'Adventure','Animation','Family' | Rating: 5.2
Titan A.E. | Genres: 'Action','Adventure','Animation','Family','ScienceFiction' | Rating: 6.3
"
Iron Man,"
Recommended Movies: 
Kiss Kiss Bang Bang | Genres: 'Action','Comedy','Crime','Mystery' | Rating: 7.2
Iron Man 2 | Genres: 'Action','Adventure','ScienceFiction' | Rating: 6.6
Captain America: Civil War | Genres: 'Action','Adventure','ScienceFiction' | Rating: 7.1
Independence Day | Genres: 'Action','Adventure','ScienceFiction' | Rating: 6.7
The Lost World: Jurassic Park | Genres: 'Action','Adventure','ScienceFiction' | Rating: 6.2
Iron Man | Genres: 'Action','Adventure','ScienceFiction' | Rating: 7.4
Avengers: Age of Ultron | Genres: 'Action','Adventure','ScienceFiction' | Rating: 7.3
The Avengers | Genres: 'Action','Adventure','ScienceFiction' | Rating: 7.4
Pacific Rim | Genres: 'Action','Adventure','ScienceFiction' | Rating: 6.7
The Blood of Heroes | Genres: 'Action','Adventure','ScienceFiction' | Rating: 5.9
"
Hugo,"
Recommended Movies: 
Kundun | Genres: 'Drama' | Rating: 6.8
Bringing Out the Dead | Genres: 'Drama' | Rating: 6.6
The Aviator | Genres: 'Drama' | Rating: 7.0
The Color of Money | Genres: 'Drama' | Rating: 6.7
The Last Temptation of Christ | Genres: 'Drama' | Rating: 7.0
Raging Bull | Genres: 'Drama' | Rating: 7.7
The Age of Innocence | Genres: 'Drama','Romance' | Rating: 7.0
Shutter Island | Genres: 'Drama','Mystery','Thriller' | Rating: 7.8
New York, New York | Genres: 'Drama','Music','Romance' | Rating: 6.1
Taxi Driver | Genres: 'Crime','Drama' | Rating: 8.0
"
Wild Wild West,"
Recommended Movies: 
Men in Black II | Genres: 'Action','Adventure','Comedy','ScienceFiction' | Rating: 6.0
Men in Black | Genres: 'Action','Adventure','Comedy','ScienceFiction' | Rating: 6.9
Men in Black 3 | Genres: 'Action','Comedy','ScienceFiction' | Rating: 6.2
Big Trouble | Genres: 'Action','Comedy','Thriller' | Rating: 6.3
Get Shorty | Genres: 'Comedy','Crime','Thriller' | Rating: 6.4
The Addams Family | Genres: 'Comedy','Fantasy','Horror' | Rating: 6.7
The Helix... Loaded | Genres: 'Action','Comedy','ScienceFiction' | Rating: 4.8
X-Men | Genres: 'Action','Adventure','ScienceFiction' | Rating: 6.8
Megaforce | Genres: 'Action','Adventure','ScienceFiction' | Rating: 3.5
Small Soldiers | Genres: 'Action','Adventure','Comedy','Fantasy','ScienceFiction' | Rating: 6.2
"
The Mummy: Tomb of the Dragon Emperor,"
Recommended Movies: 
Daylight | Genres: 'Action','Adventure','Thriller' | Rating: 5.8
Stealth | Genres: 'Action' | Rating: 4.9
DragonHeart | Genres: 'Fantasy' | Rating: 6.4
xXx | Genres: 'Action','Adventure','Thriller' | Rating: 5.8
The Fast and the Furious | Genres: 'Action','Crime','Thriller' | Rating: 6.6
Alex Cross | Genres: 'Action','Crime','Mystery','Thriller' | Rating: 5.1
The Skulls | Genres: 'Crime','Drama','Thriller' | Rating: 5.8
The Boy Next Door | Genres: 'Thriller' | Rating: 4.1
The Mummy Returns | Genres: 'Action','Adventure','Fantasy' | Rating: 6.0
The Scorpion King | Genres: 'Action','Adventure','Fantasy' | Rating: 5.3
"
Suicide Squad,"
Recommended Movies: 
Sabotage | Genres: 'Action','Crime','Drama','Thriller' | Rating: 5.5
Street Kings | Genres: 'Action','Crime','Drama','Thriller' | Rating: 6.3
Harsh Times | Genres: 'Action','Crime','Drama','Thriller' | Rating: 6.3
Fury | Genres: 'Action','Drama','War' | Rating: 7.4
End of Watch | Genres: 'Crime','Drama','Thriller' | Rating: 7.2
Beastmaster 2: Through the Portal of Time | Genres: 'Action','Adventure','Fantasy','ScienceFiction' | Rating: 4.6
Superman Returns | Genres: 'Action','Adventure','Fantasy','ScienceFiction' | Rating: 5.4
Man of Steel | Genres: 'Action','Adventure','Fantasy','ScienceFiction' | Rating: 6.5
Superman | Genres: 'Action','Adventure','Fantasy','ScienceFiction' | Rating: 6.9
Avatar | Genres: 'Action','Adventure','Fantasy','ScienceFiction' | Rating: 7.2
"
Evan Almighty,"
Recommended Movies: 
Bruce Almighty | Genres: 'Comedy','Fantasy' | Rating: 6.4
The Nutty Professor | Genres: 'Comedy','Fantasy','Romance','ScienceFiction' | Rating: 5.4
Liar Liar | Genres: 'Comedy' | Rating: 6.4
Patch Adams | Genres: 'Comedy','Drama' | Rating: 7.0
Ace Ventura: Pet Detective | Genres: 'Comedy','Mystery' | Rating: 6.4
Dragonfly | Genres: 'Drama' | Rating: 6.1
Zoom | Genres: 'Comedy','Family','Fantasy' | Rating: 4.9
Charlotte's Web | Genres: 'Comedy','Family','Fantasy' | Rating: 5.8
Casper | Genres: 'Comedy','Family','Fantasy' | Rating: 6.0
How the Grinch Stole Christmas | Genres: 'Comedy','Family','Fantasy' | Rating: 6.2
"
Edge of Tomorrow,"
Recommended Movies: 
Jumper | Genres: 'Adventure','Fantasy','ScienceFiction' | Rating: 5.9
Mr. & Mrs. Smith | Genres: 'Action','Comedy','Drama','Thriller' | Rating: 6.5
The Bourne Identity | Genres: 'Action','Drama','Mystery','Thriller' | Rating: 7.3
Fair Game | Genres: 'Drama','Thriller' | Rating: 6.5
Go | Genres: 'Comedy','Crime','Thriller' | Rating: 7.0
Swingers | Genres: 'Comedy','Romance' | Rating: 6.8
The Helix... Loaded | Genres: 'Action','Comedy','ScienceFiction' | Rating: 4.8
I, Robot | Genres: 'Action','ScienceFiction' | Rating: 6.7
Escape from New York | Genres: 'Action','ScienceFiction' | Rating: 6.9
RoboCop | Genres: 'Action','ScienceFiction' | Rating: 5.7
"
Waterworld,"
Recommended Movies: 
Robin Hood: Prince of Thieves | Genres: 'Adventure' | Rating: 6.6
The Count of Monte Cristo | Genres: 'Action','Adventure','Drama','Thriller' | Rating: 7.3
Risen | Genres: 'Action' | Rating: 5.7
Rapa Nui | Genres: 'Adventure' | Rating: 6.2
Cotton Comes to Harlem | Genres: 'Action','Adventure' | Rating: 6.7
Indiana Jones and the Last Crusade | Genres: 'Action','Adventure' | Rating: 7.6
Cutthroat Island | Genres: 'Action','Adventure' | Rating: 5.7
The Legend of Tarzan | Genres: 'Action','Adventure' | Rating: 5.5
The Legend of Hercules | Genres: 'Action','Adventure' | Rating: 4.4
Robin Hood | Genres: 'Action','Adventure' | Rating: 6.2
"
G.I. Joe: The Rise of Cobra,"
Recommended Movies: 
Deep Rising | Genres: 'Action','Adventure','Horror','ScienceFiction' | Rating: 6.0
The Adventures of Huck Finn | Genres: 'Action','Adventure','Drama','Family' | Rating: 6.2
The Mummy Returns | Genres: 'Action','Adventure','Fantasy' | Rating: 6.0
Planet of the Apes | Genres: 'Action','Adventure','ScienceFiction','Thriller' | Rating: 5.6
Star Trek V: The Final Frontier | Genres: 'Action','Adventure','ScienceFiction','Thriller' | Rating: 5.6
Star Trek VI: The Undiscovered Country | Genres: 'Action','Adventure','ScienceFiction','Thriller' | Rating: 6.7
Star Trek III: The Search for Spock | Genres: 'Action','Adventure','ScienceFiction','Thriller' | Rating: 6.4
Star Trek II: The Wrath of Khan | Genres: 'Action','Adventure','ScienceFiction','Thriller' | Rating: 7.3
Terminator Genisys | Genres: 'Action','Adventure','ScienceFiction','Thriller' | Rating: 5.8
X-Men Origins: Wolverine | Genres: 'Action','Adventure','ScienceFiction','Thriller' | Rating: 6.2
"
Inside Out,"
Recommended Movies: 
Monsters, Inc. | Genres: 'Animation','Comedy','Family' | Rating: 7.5
Up | Genres: 'Adventure','Animation','Comedy','Family' | Rating: 7.7
Arthur Christmas | Genres: 'Animation','Comedy','Drama','Family' | Rating: 6.7
Mrs. Doubtfire | Genres: 'Comedy','Drama','Family' | Rating: 7.0
Ernest et Célestine | Genres: 'Animation','Comedy','Drama','Family' | Rating: 7.6
Hop | Genres: 'Animation','Comedy','Family' | Rating: 5.5
Stolen Summer | Genres: 'Comedy','Drama','Family' | Rating: 6.4
Bambi | Genres: 'Animation','Drama','Family' | Rating: 6.8
Fat Albert | Genres: 'Comedy','Drama','Family' | Rating: 4.3
Ice Princess | Genres: 'Comedy','Drama','Family' | Rating: 5.9
"
The Jungle Book,"
Recommended Movies: 
Zathura: A Space Adventure | Genres: 'Adventure','Family','Fantasy','ScienceFiction' | Rating: 6.1
Elf | Genres: 'Comedy','Family','Fantasy' | Rating: 6.4
Iron Man | Genres: 'Action','Adventure','ScienceFiction' | Rating: 7.4
Iron Man 2 | Genres: 'Action','Adventure','ScienceFiction' | Rating: 6.6
Made | Genres: 'Action','Comedy','Thriller' | Rating: 6.3
The Neverending Story | Genres: 'Adventure','Drama','Family','Fantasy' | Rating: 7.0
Hugo | Genres: 'Adventure','Drama','Family' | Rating: 7.0
The Blue Bird | Genres: 'Drama','Family','Fantasy' | Rating: 6.4
Duma | Genres: 'Adventure','Drama','Family' | Rating: 6.9
The Adventurer: The Curse of the Midas Box | Genres: 'Adventure','Family','Fantasy' | Rating: 5.1
"
Iron Man 2,"
Recommended Movies: 
Iron Man | Genres: 'Action','Adventure','ScienceFiction' | Rating: 7.4
Zathura: A Space Adventure | Genres: 'Adventure','Family','Fantasy','ScienceFiction' | Rating: 6.1
Made | Genres: 'Action','Comedy','Thriller' | Rating: 6.3
The Jungle Book | Genres: 'Adventure','Drama','Family','Fantasy' | Rating: 6.7
Elf | Genres: 'Comedy','Family','Fantasy' | Rating: 6.4
Iron Man 3 | Genres: 'Action','Adventure','ScienceFiction' | Rating: 6.8
Captain America: Civil War | Genres: 'Action','Adventure','ScienceFiction' | Rating: 7.1
Ant-Man | Genres: 'Action','Adventure','ScienceFiction' | Rating: 7.0
Independence Day | Genres: 'Action','Adventure','ScienceFiction' | Rating: 6.7
The Lost World: Jurassic Park | Genres: 'Action','Adventure','ScienceFiction' | Rating: 6.2
"
Snow White and the Huntsman,"
Recommended Movies: 
Cast Away | Genres: 'Adventure','Drama' | Rating: 7.5
Straight Out of Brooklyn | Genres: 'Drama' | Rating: 4.3
The Postman | Genres: 'Adventure','Drama' | Rating: 6.1
The Twilight Saga: Eclipse | Genres: 'Adventure','Drama','Fantasy','Romance' | Rating: 5.8
Enter the Void | Genres: 'Drama','Fantasy' | Rating: 7.2
The Twilight Saga: Breaking Dawn - Part 2 | Genres: 'Adventure','Drama','Fantasy','Romance' | Rating: 6.1
The Twilight Saga: New Moon | Genres: 'Adventure','Drama','Fantasy','Romance' | Rating: 5.6
Twilight | Genres: 'Adventure','Drama','Fantasy','Romance' | Rating: 5.8
The Legend of Bagger Vance | Genres: 'Drama','Fantasy' | Rating: 6.3
Heavenly Creatures | Genres: 'Drama','Fantasy' | Rating: 7.0
"
Maleficent,"
Recommended Movies: 
Eragon | Genres: 'Action','Adventure','Family','Fantasy' | Rating: 4.9
Prince of Persia: The Sands of Time | Genres: 'Action','Adventure','Fantasy','Romance' | Rating: 6.2
Clash of the Titans | Genres: 'Action','Adventure','Fantasy' | Rating: 5.6
Night at the Museum | Genres: 'Action','Adventure','Comedy','Family','Fantasy' | Rating: 6.3
The Hobbit: The Battle of the Five Armies | Genres: 'Action','Adventure','Fantasy' | Rating: 7.1
Mighty Joe Young | Genres: 'Action','Adventure','Family','Fantasy' | Rating: 5.9
The Hobbit: An Unexpected Journey | Genres: 'Action','Adventure','Fantasy' | Rating: 7.0
Stormbreaker | Genres: 'Action','Adventure','Family' | Rating: 5.1
Conan the Destroyer | Genres: 'Action','Adventure','Fantasy' | Rating: 5.8
The Last Airbender | Genres: 'Action','Adventure','Family','Fantasy' | Rating: 4.7
"
Dawn of the Planet of the Apes,"
Recommended Movies: 
Cloverfield | Genres: 'Action','ScienceFiction','Thriller' | Rating: 6.4
Let Me In | Genres: 'Drama','Horror','Mystery' | Rating: 6.7
The Pallbearer | Genres: 'Comedy','Romance' | Rating: 4.6
Capricorn One | Genres: 'Action','Drama','ScienceFiction','Thriller' | Rating: 6.4
Elysium | Genres: 'Action','Drama','ScienceFiction','Thriller' | Rating: 6.4
Echo Dr. | Genres: 'Action','Drama','ScienceFiction','Thriller' | Rating: 5.0
The Day the Earth Stood Still | Genres: 'Drama','ScienceFiction','Thriller' | Rating: 5.2
The One | Genres: 'Action','ScienceFiction','Thriller' | Rating: 5.7
Volcano | Genres: 'Action','Drama','ScienceFiction','Thriller' | Rating: 5.2
Chain Reaction | Genres: 'Action','Drama','ScienceFiction','Thriller' | Rating: 5.3
"
The Lovers,"
Recommended Movies: 
The Scarlet Letter | Genres: 'Drama','History','Romance' | Rating: 5.5
There Be Dragons | Genres: 'Drama' | Rating: 5.9
The Host | Genres: 'Action','Adventure','Romance','ScienceFiction','Thriller' | Rating: 6.0
Logan's Run | Genres: 'Action','Adventure','Romance','ScienceFiction' | Rating: 6.6
Captain America: The First Avenger | Genres: 'Action','Adventure','ScienceFiction' | Rating: 6.6
Fantastic Four | Genres: 'Action','Adventure','ScienceFiction' | Rating: 4.4
Divergent | Genres: 'Action','Adventure','ScienceFiction' | Rating: 6.9
Six-String Samurai | Genres: 'Action','Adventure','ScienceFiction' | Rating: 5.8
John Carter | Genres: 'Action','Adventure','ScienceFiction' | Rating: 6.1
2012 | Genres: 'Action','Adventure','ScienceFiction' | Rating: 5.6
"
47 Ronin,"
Recommended Movies: 
In the Name of the King: A Dungeon Siege Tale | Genres: 'Action','Adventure','Drama','Fantasy' | Rating: 4.1
In the Name of the King III | Genres: 'Action','Adventure','Drama','Fantasy' | Rating: 3.3
天將雄師 | Genres: 'Action','Adventure','Drama' | Rating: 5.9
Warcraft | Genres: 'Action','Adventure','Fantasy' | Rating: 6.3
The Scorpion King | Genres: 'Action','Adventure','Fantasy' | Rating: 5.3
Chi bi | Genres: 'Action','Adventure','Drama' | Rating: 7.1
Immortals | Genres: 'Action','Drama','Fantasy' | Rating: 5.7
Spider-Man 3 | Genres: 'Action','Adventure','Fantasy' | Rating: 5.9
十面埋伏 | Genres: 'Action','Adventure','Drama','Romance' | Rating: 7.1
Centurion | Genres: 'Action','Adventure','Drama' | Rating: 5.9
"
Captain America: The Winter Soldier,"
Recommended Movies: 
Captain America: Civil War | Genres: 'Action','Adventure','ScienceFiction' | Rating: 7.1
Welcome to Collinwood | Genres: 'Comedy' | Rating: 6.2
You, Me and Dupree | Genres: 'Comedy','Romance' | Rating: 5.4
Avengers: Age of Ultron | Genres: 'Action','Adventure','ScienceFiction' | Rating: 7.3
The Avengers | Genres: 'Action','Adventure','ScienceFiction' | Rating: 7.4
AVP: Alien vs. Predator | Genres: 'Action','Adventure','ScienceFiction' | Rating: 5.5
Ant-Man | Genres: 'Action','Adventure','ScienceFiction' | Rating: 7.0
Transformers: Dark of the Moon | Genres: 'Action','Adventure','ScienceFiction' | Rating: 6.1
2012 | Genres: 'Action','Adventure','ScienceFiction' | Rating: 5.6
The Hunger Games: Mockingjay - Part 2 | Genres: 'Action','Adventure','ScienceFiction' | Rating: 6.6
"
Shrek Forever After,"
Recommended Movies: 
Alvin and the Chipmunks: Chipwrecked | Genres: 'Animation','Comedy','Family','Fantasy','Music' | Rating: 5.4
Sky High | Genres: 'Adventure','Comedy','Family' | Rating: 5.8
Deuce Bigalow: Male Gigolo | Genres: 'Comedy' | Rating: 5.5
Shrek the Third | Genres: 'Adventure','Animation','Comedy','Family','Fantasy' | Rating: 6.0
Shrek 2 | Genres: 'Adventure','Animation','Comedy','Family','Fantasy' | Rating: 6.7
Shrek | Genres: 'Adventure','Animation','Comedy','Family','Fantasy' | Rating: 7.3
Un monstre à Paris | Genres: 'Adventure','Animation','Comedy','Family','Fantasy' | Rating: 6.5
Brave | Genres: 'Action','Adventure','Animation','Comedy','Family','Fantasy' | Rating: 6.7
The Lego Movie | Genres: 'Adventure','Animation','Comedy','Family','Fantasy' | Rating: 7.5
The Emperor's New Groove | Genres: 'Adventure','Animation','Comedy','Family','Fantasy' | Rating: 7.2
"
Tomorrowland,"
Recommended Movies: 
The Iron Giant | Genres: 'Adventure','Animation','Family','Fantasy','ScienceFiction' | Rating: 7.6
The Incredibles | Genres: 'Action','Adventure','Animation','Family' | Rating: 7.4
Mission: Impossible - Ghost Protocol | Genres: 'Action','Adventure','Thriller' | Rating: 6.8
Lost in Space | Genres: 'Adventure','Family','ScienceFiction' | Rating: 5.0
Earth to Echo | Genres: 'Adventure','Family','ScienceFiction' | Rating: 5.7
Prometheus | Genres: 'Adventure','Mystery','ScienceFiction' | Rating: 6.3
2001: A Space Odyssey | Genres: 'Adventure','Mystery','ScienceFiction' | Rating: 7.9
The Adventures of Sharkboy and Lavagirl | Genres: 'Adventure','Family','ScienceFiction' | Rating: 4.4
Clockstoppers | Genres: 'Adventure','Family','ScienceFiction','Thriller' | Rating: 4.9
Oblivion | Genres: 'Action','Adventure','Mystery','ScienceFiction' | Rating: 6.4
"
Big Hero 6,"
Recommended Movies: 
兔侠传奇 | Genres: 'Action','Adventure','Animation','Comedy','Family' | Rating: 3.0
The Adventures of Rocky & Bullwinkle | Genres: 'Action','Adventure','Animation','Comedy','Family' | Rating: 3.9
Kung Fu Panda 3 | Genres: 'Action','Adventure','Animation','Comedy','Family' | Rating: 6.7
Minions | Genres: 'Adventure','Animation','Comedy','Family' | Rating: 6.4
A Bug's Life | Genres: 'Adventure','Animation','Comedy','Family' | Rating: 6.8
The Incredibles | Genres: 'Action','Adventure','Animation','Family' | Rating: 7.4
Osmosis Jones | Genres: 'Action','Adventure','Animation','Comedy','Family' | Rating: 5.9
Deadpool | Genres: 'Action','Adventure','Comedy' | Rating: 7.4
Rugrats in Paris: The Movie | Genres: 'Adventure','Animation','Comedy','Family' | Rating: 6.0
ParaNorman | Genres: 'Adventure','Animation','Comedy','Family' | Rating: 6.7
"
Wreck-It Ralph,"
Recommended Movies: 
Bee Movie | Genres: 'Adventure','Animation','Comedy','Family' | Rating: 5.7
Bolt | Genres: 'Adventure','Animation','Comedy','Family' | Rating: 6.3
TMNT | Genres: 'Adventure','Animation','Comedy','Family' | Rating: 6.0
Minions | Genres: 'Adventure','Animation','Comedy','Family' | Rating: 6.4
Fantastic Mr. Fox | Genres: 'Adventure','Animation','Comedy','Family' | Rating: 7.5
Zambezia | Genres: 'Adventure','Animation','Comedy','Family' | Rating: 5.3
The Curse of the Were-Rabbit | Genres: 'Adventure','Animation','Comedy','Family' | Rating: 6.8
The Lion of Judah | Genres: 'Adventure','Animation','Comedy','Family' | Rating: 5.8
Stuart Little 2 | Genres: 'Adventure','Animation','Comedy','Family' | Rating: 5.4
Cars 2 | Genres: 'Adventure','Animation','Comedy','Family' | Rating: 5.8
"
The Polar Express,"
Recommended Movies: 
Beowulf | Genres: 'Action','Adventure','Animation' | Rating: 5.5
Back to the Future | Genres: 'Adventure','Comedy','Family','ScienceFiction' | Rating: 8.0
Back to the Future Part II | Genres: 'Adventure','Comedy','Family','ScienceFiction' | Rating: 7.4
Cast Away | Genres: 'Adventure','Drama' | Rating: 7.5
Back to the Future Part III | Genres: 'Adventure','Comedy','Family','ScienceFiction' | Rating: 7.1
Death Becomes Her | Genres: 'Comedy','Fantasy' | Rating: 6.3
A Christmas Carol | Genres: 'Animation','Drama' | Rating: 6.6
The Walk | Genres: 'Adventure','Drama','Thriller' | Rating: 6.9
Forrest Gump | Genres: 'Comedy','Drama','Romance' | Rating: 8.2
What Lies Beneath | Genres: 'Drama','Horror','Mystery','Thriller' | Rating: 6.3
"
Independence Day: Resurgence,"
Recommended Movies: 
Independence Day | Genres: 'Action','Adventure','ScienceFiction' | Rating: 6.7
2012 | Genres: 'Action','Adventure','ScienceFiction' | Rating: 5.6
The Day After Tomorrow | Genres: 'Action','Adventure','ScienceFiction','Thriller' | Rating: 6.2
The Patriot | Genres: 'Action','Drama','History','War' | Rating: 6.8
White House Down | Genres: 'Action','Drama','Thriller' | Rating: 6.4
Stonewall | Genres: 'Drama' | Rating: 5.2
Anonymous | Genres: 'Drama','History','Thriller' | Rating: 6.3
The Lost World: Jurassic Park | Genres: 'Action','Adventure','ScienceFiction' | Rating: 6.2
The Hunger Games: Mockingjay - Part 2 | Genres: 'Action','Adventure','ScienceFiction' | Rating: 6.6
The Hunger Games: Catching Fire | Genres: 'Action','Adventure','ScienceFiction' | Rating: 7.4
"
How to Train Your Dragon,"
Recommended Movies: 
Lilo & Stitch | Genres: 'Animation','Family' | Rating: 7.1
Epic | Genres: 'Adventure','Animation','Family','Fantasy' | Rating: 6.4
Legend of the Guardians: The Owls of Ga'Hoole | Genres: 'Adventure','Animation','Family','Fantasy' | Rating: 6.5
Dragon Nest: Warriors' Dawn | Genres: 'Adventure','Animation','Family','Fantasy' | Rating: 6.8
The House of Magic | Genres: 'Adventure','Animation','Family','Fantasy' | Rating: 6.3
Arthur et les Minimoys | Genres: 'Adventure','Animation','Family','Fantasy' | Rating: 6.0
Mars Needs Moms | Genres: 'Adventure','Animation','Family' | Rating: 5.5
The Little Prince | Genres: 'Adventure','Animation','Fantasy' | Rating: 7.6
Савва. Сердце воина | Genres: 'Adventure','Animation','Fantasy' | Rating: 6.4
The Land Before Time | Genres: 'Adventure','Animation','Family' | Rating: 7.0
"
Terminator 3: Rise of the Machines,"
Recommended Movies: 
Surrogates | Genres: 'Action','ScienceFiction','Thriller' | Rating: 5.9
U-571 | Genres: 'Action','Drama','Thriller','War' | Rating: 6.1
Breakdown | Genres: 'Action','Drama','Thriller' | Rating: 6.6
Doomsday | Genres: 'Action','ScienceFiction','Thriller' | Rating: 5.8
Ultraviolet | Genres: 'Action','ScienceFiction','Thriller' | Rating: 4.8
Fortress | Genres: 'Action','ScienceFiction','Thriller' | Rating: 5.7
Rollerball | Genres: 'Action','ScienceFiction','Thriller' | Rating: 3.4
Terminator 2: Judgment Day | Genres: 'Action','ScienceFiction','Thriller' | Rating: 7.7
Terminator Salvation | Genres: 'Action','ScienceFiction','Thriller' | Rating: 5.9
The One | Genres: 'Action','ScienceFiction','Thriller' | Rating: 5.7
"
Guardians of the Galaxy,"
Recommended Movies: 
Super | Genres: 'Action','Comedy','Drama' | Rating: 6.6
Slither | Genres: 'Comedy','Horror','ScienceFiction' | Rating: 6.3
U.F.O. | Genres: 'Action','Adventure','ScienceFiction' | Rating: 3.1
Ant-Man | Genres: 'Action','Adventure','ScienceFiction' | Rating: 7.0
Star Trek Into Darkness | Genres: 'Action','Adventure','ScienceFiction' | Rating: 7.4
AVP: Alien vs. Predator | Genres: 'Action','Adventure','ScienceFiction' | Rating: 5.5
Star Trek | Genres: 'Action','Adventure','ScienceFiction' | Rating: 7.4
Star Wars | Genres: 'Action','Adventure','ScienceFiction' | Rating: 8.1
Star Trek Beyond | Genres: 'Action','Adventure','ScienceFiction' | Rating: 6.6
Independence Day | Genres: 'Action','Adventure','ScienceFiction' | Rating: 6.7
"
Interstellar,"
Recommended Movies: 
Inception | Genres: 'Action','Adventure','Mystery','ScienceFiction','Thriller' | Rating: 8.1
The Prestige | Genres: 'Drama','Mystery','Thriller' | Rating: 8.0
The Dark Knight Rises | Genres: 'Action','Crime','Drama','Thriller' | Rating: 7.6
The Dark Knight | Genres: 'Action','Crime','Drama','Thriller' | Rating: 8.2
Batman Begins | Genres: 'Action','Crime','Drama' | Rating: 7.5
Memento | Genres: 'Mystery','Thriller' | Rating: 8.1
Insomnia | Genres: 'Crime','Mystery','Thriller' | Rating: 6.8
The Martian | Genres: 'Adventure','Drama','ScienceFiction' | Rating: 7.6
Midnight Special | Genres: 'Adventure','Drama','ScienceFiction' | Rating: 6.2
20,000 Leagues Under the Sea | Genres: 'Adventure','Drama','ScienceFiction' | Rating: 6.8
"
Inception,"
Recommended Movies: 
Memento | Genres: 'Mystery','Thriller' | Rating: 8.1
The Prestige | Genres: 'Drama','Mystery','Thriller' | Rating: 8.0
Interstellar | Genres: 'Adventure','Drama','ScienceFiction' | Rating: 8.1
The Dark Knight | Genres: 'Action','Crime','Drama','Thriller' | Rating: 8.2
The Dark Knight Rises | Genres: 'Action','Crime','Drama','Thriller' | Rating: 7.6
Insomnia | Genres: 'Crime','Mystery','Thriller' | Rating: 6.8
Batman Begins | Genres: 'Action','Crime','Drama' | Rating: 7.5
Sky Captain and the World of Tomorrow | Genres: 'Action','Adventure','Mystery','ScienceFiction','Thriller' | Rating: 5.7
Congo | Genres: 'Action','Adventure','Drama','Mystery','ScienceFiction','Thriller' | Rating: 5.0
X-Men Origins: Wolverine | Genres: 'Action','Adventure','ScienceFiction','Thriller' | Rating: 6.2
"
シン・ゴジラ,"
Recommended Movies: 
Gojira ni-sen mireniamu | Genres: 'Action','Adventure','Horror','ScienceFiction' | Rating: 5.9
X-Men | Genres: 'Action','Adventure','ScienceFiction' | Rating: 6.8
Resident Evil: Afterlife | Genres: 'Action','Adventure','Horror','ScienceFiction' | Rating: 5.8
Deep Rising | Genres: 'Action','Adventure','Horror','ScienceFiction' | Rating: 6.0
The Helix... Loaded | Genres: 'Action','Comedy','ScienceFiction' | Rating: 4.8
Megaforce | Genres: 'Action','Adventure','ScienceFiction' | Rating: 3.5
Transformers: Age of Extinction | Genres: 'Action','Adventure','ScienceFiction' | Rating: 5.8
Journey 2: The Mysterious Island | Genres: 'Action','Adventure','ScienceFiction' | Rating: 5.8
Ghosts of Mars | Genres: 'Action','Horror','ScienceFiction' | Rating: 4.8
The Huntsman: Winter's War | Genres: 'Action','Adventure','Drama' | Rating: 6.0
"
The Hobbit: An Unexpected Journey,"
Recommended Movies: 
The Hobbit: The Battle of the Five Armies | Genres: 'Action','Adventure','Fantasy' | Rating: 7.1
The Hobbit: The Desolation of Smaug | Genres: 'Adventure','Fantasy' | Rating: 7.6
The Lord of the Rings: The Return of the King | Genres: 'Action','Adventure','Fantasy' | Rating: 8.1
The Lord of the Rings: The Two Towers | Genres: 'Action','Adventure','Fantasy' | Rating: 8.0
The Lord of the Rings: The Fellowship of the Ring | Genres: 'Action','Adventure','Fantasy' | Rating: 8.0
King Kong | Genres: 'Action','Adventure','Drama' | Rating: 6.6
The Lovely Bones | Genres: 'Drama','Fantasy' | Rating: 6.6
Heavenly Creatures | Genres: 'Drama','Fantasy' | Rating: 7.0
Krull | Genres: 'Action','Adventure','Fantasy' | Rating: 5.8
Spider-Man 2 | Genres: 'Action','Adventure','Fantasy' | Rating: 6.7
"
The Fast and the Furious,"
Recommended Movies: 
Alex Cross | Genres: 'Action','Crime','Mystery','Thriller' | Rating: 5.1
The Skulls | Genres: 'Crime','Drama','Thriller' | Rating: 5.8
Daylight | Genres: 'Action','Adventure','Thriller' | Rating: 5.8
xXx | Genres: 'Action','Adventure','Thriller' | Rating: 5.8
Stealth | Genres: 'Action' | Rating: 4.9
The Boy Next Door | Genres: 'Thriller' | Rating: 4.1
The Mummy: Tomb of the Dragon Emperor | Genres: 'Action','Adventure','Fantasy' | Rating: 5.2
DragonHeart | Genres: 'Fantasy' | Rating: 6.4
Fast Five | Genres: 'Action','Crime','Thriller' | Rating: 7.1
Pain & Gain | Genres: 'Action','Crime','Thriller' | Rating: 6.1
"
The Curious Case of Benjamin Button,"
Recommended Movies: 
Gone Girl | Genres: 'Drama','Mystery','Thriller' | Rating: 7.9
The Game | Genres: 'Drama','Mystery','Thriller' | Rating: 7.5
The Girl with the Dragon Tattoo | Genres: 'Crime','Drama','Mystery','Thriller' | Rating: 7.2
Se7en | Genres: 'Crime','Mystery','Thriller' | Rating: 8.1
Zodiac | Genres: 'Crime','Drama','Mystery','Thriller' | Rating: 7.3
Panic Room | Genres: 'Crime','Drama','Thriller' | Rating: 6.5
Fight Club | Genres: 'Drama' | Rating: 8.3
The Social Network | Genres: 'Drama' | Rating: 7.1
Alien³ | Genres: 'Action','Horror','ScienceFiction' | Rating: 6.2
Ghost | Genres: 'Drama','Fantasy','Mystery','Romance','Thriller' | Rating: 6.9
"
X-Men: First Class,"
Recommended Movies: 
Kick-Ass | Genres: 'Action','Crime' | Rating: 7.1
Stardust | Genres: 'Adventure','Family','Fantasy','Romance' | Rating: 7.1
Layer Cake | Genres: 'Crime','Drama','Thriller' | Rating: 7.0
Dune | Genres: 'Action','Adventure','ScienceFiction' | Rating: 6.5
Transformers: Dark of the Moon | Genres: 'Action','Adventure','ScienceFiction' | Rating: 6.1
Megaforce | Genres: 'Action','Adventure','ScienceFiction' | Rating: 3.5
The Hunger Games: Mockingjay - Part 2 | Genres: 'Action','Adventure','ScienceFiction' | Rating: 6.6
The Hunger Games: Catching Fire | Genres: 'Action','Adventure','ScienceFiction' | Rating: 7.4
Fantastic Four | Genres: 'Action','Adventure','ScienceFiction' | Rating: 4.4
Independence Day: Resurgence | Genres: 'Action','Adventure','ScienceFiction' | Rating: 4.9
"
The Hunger Games: Mockingjay - Part 2,"
Recommended Movies: 
The Hunger Games: Catching Fire | Genres: 'Action','Adventure','ScienceFiction' | Rating: 7.4
The Hunger Games: Mockingjay - Part 1 | Genres: 'Adventure','ScienceFiction','Thriller' | Rating: 6.6
I Am Legend | Genres: 'Action','Drama','Horror','ScienceFiction','Thriller' | Rating: 6.9
Water for Elephants | Genres: 'Drama','Romance' | Rating: 6.7
Independence Day: Resurgence | Genres: 'Action','Adventure','ScienceFiction' | Rating: 4.9
Captain America: The First Avenger | Genres: 'Action','Adventure','ScienceFiction' | Rating: 6.6
The Incredible Hulk | Genres: 'Action','Adventure','ScienceFiction' | Rating: 6.1
Journey 2: The Mysterious Island | Genres: 'Action','Adventure','ScienceFiction' | Rating: 5.8
X-Men: First Class | Genres: 'Action','Adventure','ScienceFiction' | Rating: 7.1
Independence Day | Genres: 'Action','Adventure','ScienceFiction' | Rating: 6.7
"
The Sorcerer's Apprentice,"
Recommended Movies: 
National Treasure | Genres: 'Action','Adventure','Mystery','Thriller' | Rating: 6.4
The Kid | Genres: 'Comedy','Family','Fantasy' | Rating: 6.0
Last Vegas | Genres: 'Comedy' | Rating: 6.4
Phenomenon | Genres: 'Drama','Fantasy','Romance','ScienceFiction' | Rating: 6.2
Instinct | Genres: 'Drama','Mystery','Thriller' | Rating: 6.2
Cool Runnings | Genres: 'Comedy' | Rating: 6.8
天將雄師 | Genres: 'Action','Adventure','Drama' | Rating: 5.9
Fear and Loathing in Las Vegas | Genres: 'Adventure','Comedy','Drama' | Rating: 7.2
Hudson Hawk | Genres: 'Action','Adventure','Comedy' | Rating: 5.4
O Brother, Where Art Thou? | Genres: 'Action','Adventure','Comedy' | Rating: 7.3
"
Poseidon,"
Recommended Movies: 
Outbreak | Genres: 'Action','Drama','ScienceFiction','Thriller' | Rating: 6.3
Das Boot | Genres: 'Action','Adventure','Drama','History','War' | Rating: 7.9
Air Force One | Genres: 'Action','Thriller' | Rating: 6.2
The Neverending Story | Genres: 'Adventure','Drama','Family','Fantasy' | Rating: 7.0
Troy | Genres: 'Adventure','Drama','War' | Rating: 6.9
The Perfect Storm | Genres: 'Drama' | Rating: 6.2
Flight of the Intruder | Genres: 'Action','Adventure','Drama','Thriller' | Rating: 5.7
Executive Decision | Genres: 'Action','Adventure','Drama','Thriller' | Rating: 5.8
The Hunting Party | Genres: 'Action','Adventure','Drama','Thriller' | Rating: 6.6
The Marine | Genres: 'Action','Adventure','Drama','Thriller' | Rating: 5.0
"
Alice Through the Looking Glass,"
Recommended Movies: 
The Muppets | Genres: 'Comedy','Family','Music' | Rating: 6.5
Muppets Most Wanted | Genres: 'Adventure','Comedy','Crime','Family' | Rating: 6.2
Dragonslayer | Genres: 'Fantasy' | Rating: 6.5
Wolf | Genres: 'Fantasy' | Rating: 6.0
Gods of Egypt | Genres: 'Fantasy' | Rating: 5.3
DragonHeart | Genres: 'Fantasy' | Rating: 6.4
Mirrormask | Genres: 'Fantasy' | Rating: 6.6
Bruce Almighty | Genres: 'Comedy','Fantasy' | Rating: 6.4
Alice in Wonderland | Genres: 'Adventure','Family','Fantasy' | Rating: 6.4
Dark Shadows | Genres: 'Comedy','Fantasy' | Rating: 5.7
"
Shrek the Third,"
Recommended Movies: 
Shrek 2 | Genres: 'Adventure','Animation','Comedy','Family','Fantasy' | Rating: 6.7
Shrek | Genres: 'Adventure','Animation','Comedy','Family','Fantasy' | Rating: 7.3
Shrek Forever After | Genres: 'Adventure','Animation','Comedy','Family','Fantasy' | Rating: 6.0
Un monstre à Paris | Genres: 'Adventure','Animation','Comedy','Family','Fantasy' | Rating: 6.5
Brave | Genres: 'Action','Adventure','Animation','Comedy','Family','Fantasy' | Rating: 6.7
Yogi Bear | Genres: 'Adventure','Animation','Comedy','Family' | Rating: 5.2
Fantastic Mr. Fox | Genres: 'Adventure','Animation','Comedy','Family' | Rating: 7.5
The House of Magic | Genres: 'Adventure','Animation','Family','Fantasy' | Rating: 6.3
Bolt | Genres: 'Adventure','Animation','Comedy','Family' | Rating: 6.3
The Emperor's New Groove | Genres: 'Adventure','Animation','Comedy','Family','Fantasy' | Rating: 7.2
"
Warcraft,"
Recommended Movies: 
Source Code | Genres: 'Mystery','ScienceFiction','Thriller' | Rating: 7.1
Moon | Genres: 'Drama','ScienceFiction' | Rating: 7.6
Spider-Man 2 | Genres: 'Action','Adventure','Fantasy' | Rating: 6.7
Krull | Genres: 'Action','Adventure','Fantasy' | Rating: 5.8
Spider-Man 3 | Genres: 'Action','Adventure','Fantasy' | Rating: 5.9
Pirates of the Caribbean: The Curse of the Black Pearl | Genres: 'Action','Adventure','Fantasy' | Rating: 7.5
Dungeons & Dragons: Wrath of the Dragon God | Genres: 'Action','Adventure','Fantasy' | Rating: 4.8
Batman v Superman: Dawn of Justice | Genres: 'Action','Adventure','Fantasy' | Rating: 5.7
The Scorpion King | Genres: 'Action','Adventure','Fantasy' | Rating: 5.3
The Hobbit: An Unexpected Journey | Genres: 'Action','Adventure','Fantasy' | Rating: 7.0
"
Terminator Genisys,"
Recommended Movies: 
Thor: The Dark World | Genres: 'Action','Adventure','Fantasy' | Rating: 6.8
Predator | Genres: 'Action','Adventure','ScienceFiction','Thriller' | Rating: 7.3
X-Men Origins: Wolverine | Genres: 'Action','Adventure','ScienceFiction','Thriller' | Rating: 6.2
G.I. Joe: Retaliation | Genres: 'Action','Adventure','ScienceFiction','Thriller' | Rating: 5.4
The Core | Genres: 'Action','Adventure','ScienceFiction','Thriller' | Rating: 5.4
Mad Max: Fury Road | Genres: 'Action','Adventure','ScienceFiction','Thriller' | Rating: 7.2
The Island | Genres: 'Action','Adventure','ScienceFiction','Thriller' | Rating: 6.5
G.I. Joe: The Rise of Cobra | Genres: 'Action','Adventure','ScienceFiction','Thriller' | Rating: 5.6
The Abyss | Genres: 'Action','Adventure','ScienceFiction','Thriller' | Rating: 7.1
X-Men: The Last Stand | Genres: 'Action','Adventure','ScienceFiction','Thriller' | Rating: 6.3
"
The Chronicles of Narnia: The Voyage of the Dawn Treader,"
Recommended Movies: 
The World Is Not Enough | Genres: 'Action','Adventure','Thriller' | Rating: 6.0
Extreme Measures | Genres: 'Drama','Thriller' | Rating: 5.7
Coal Miner's Daughter | Genres: 'Drama','Music' | Rating: 7.2
Enough | Genres: 'Drama','Thriller' | Rating: 6.2
The Chronicles of Narnia: The Lion, the Witch and the Wardrobe | Genres: 'Adventure','Family','Fantasy' | Rating: 6.7
The Chronicles of Narnia: Prince Caspian | Genres: 'Adventure','Family','Fantasy' | Rating: 6.3
City of Ember | Genres: 'Adventure','Family','Fantasy' | Rating: 6.2
The Spiderwick Chronicles | Genres: 'Adventure','Family','Fantasy' | Rating: 6.3
Inkheart | Genres: 'Adventure','Family','Fantasy' | Rating: 6.0
Pan | Genres: 'Adventure','Family','Fantasy' | Rating: 5.9
"
Pearl Harbor,"
Recommended Movies: 
13 Hours: The Secret Soldiers of Benghazi | Genres: 'Action','Drama','History','Thriller','War' | Rating: 7.0
Transformers: Dark of the Moon | Genres: 'Action','Adventure','ScienceFiction' | Rating: 6.1
Armageddon | Genres: 'Action','Adventure','ScienceFiction','Thriller' | Rating: 6.4
The Island | Genres: 'Action','Adventure','ScienceFiction','Thriller' | Rating: 6.5
Pain & Gain | Genres: 'Action','Crime','Thriller' | Rating: 6.1
The Rock | Genres: 'Action','Adventure','Thriller' | Rating: 6.9
Transformers: Age of Extinction | Genres: 'Action','Adventure','ScienceFiction' | Rating: 5.8
Transformers | Genres: 'Action','Adventure','ScienceFiction' | Rating: 6.6
Bad Boys II | Genres: 'Action','Adventure','Comedy','Crime','Thriller' | Rating: 6.3
Transformers: Revenge of the Fallen | Genres: 'Action','Adventure','ScienceFiction' | Rating: 6.0
"
Transformers,"
Recommended Movies: 
Transformers | Genres: 'Action','Adventure','ScienceFiction' | Rating: 6.6
Transformers: Dark of the Moon | Genres: 'Action','Adventure','ScienceFiction' | Rating: 6.1
Transformers: Age of Extinction | Genres: 'Action','Adventure','ScienceFiction' | Rating: 5.8
The Island | Genres: 'Action','Adventure','ScienceFiction','Thriller' | Rating: 6.5
Armageddon | Genres: 'Action','Adventure','ScienceFiction','Thriller' | Rating: 6.4
The Rock | Genres: 'Action','Adventure','Thriller' | Rating: 6.9
Bad Boys II | Genres: 'Action','Adventure','Comedy','Crime','Thriller' | Rating: 6.3
Pain & Gain | Genres: 'Action','Crime','Thriller' | Rating: 6.1
13 Hours: The Secret Soldiers of Benghazi | Genres: 'Action','Drama','History','Thriller','War' | Rating: 7.0
Bad Boys | Genres: 'Action','Comedy','Crime','Thriller' | Rating: 6.5
"
Alexander,"
Recommended Movies: 
Platoon | Genres: 'Action','Drama','War' | Rating: 7.5
JFK | Genres: 'Drama','History','Thriller' | Rating: 7.5
Born on the Fourth of July | Genres: 'Drama','War' | Rating: 6.7
Nixon | Genres: 'Drama','History' | Rating: 7.1
W. | Genres: 'Drama','History' | Rating: 6.1
Any Given Sunday | Genres: 'Drama' | Rating: 6.8
World Trade Center | Genres: 'Drama','History','Thriller' | Rating: 5.9
Salvador | Genres: 'Drama' | Rating: 7.0
Talk Radio | Genres: 'Drama' | Rating: 6.7
The Doors | Genres: 'Drama','Music' | Rating: 6.7
"
Harry Potter and the Order of the Phoenix,"
Recommended Movies: 
Harry Potter and the Half-Blood Prince | Genres: 'Adventure','Family','Fantasy' | Rating: 7.4
The Legend of Tarzan | Genres: 'Action','Adventure' | Rating: 5.5
Harry Potter and the Goblet of Fire | Genres: 'Adventure','Family','Fantasy' | Rating: 7.5
Harry Potter and the Philosopher's Stone | Genres: 'Adventure','Family','Fantasy' | Rating: 7.5
Harry Potter and the Chamber of Secrets | Genres: 'Adventure','Family','Fantasy' | Rating: 7.4
Harry Potter and the Prisoner of Azkaban | Genres: 'Adventure','Family','Fantasy' | Rating: 7.7
Oz: The Great and Powerful | Genres: 'Adventure','Family','Fantasy' | Rating: 5.7
Percy Jackson: Sea of Monsters | Genres: 'Adventure','Family','Fantasy' | Rating: 5.9
Pan | Genres: 'Adventure','Family','Fantasy' | Rating: 5.9
The Indian in the Cupboard | Genres: 'Adventure','Family','Fantasy' | Rating: 5.9
"
Harry Potter and the Goblet of Fire,"
Recommended Movies: 
Prince of Persia: The Sands of Time | Genres: 'Action','Adventure','Fantasy','Romance' | Rating: 6.2
Four Weddings and a Funeral | Genres: 'Comedy','Drama','Romance' | Rating: 6.6
Mona Lisa Smile | Genres: 'Drama','Romance' | Rating: 6.5
Donnie Brasco | Genres: 'Crime','Drama','Thriller' | Rating: 7.4
Pushing Tin | Genres: 'Comedy','Drama' | Rating: 5.7
Love in the Time of Cholera | Genres: 'Drama','Romance' | Rating: 6.4
Harry Potter and the Half-Blood Prince | Genres: 'Adventure','Family','Fantasy' | Rating: 7.4
Harry Potter and the Philosopher's Stone | Genres: 'Adventure','Family','Fantasy' | Rating: 7.5
Harry Potter and the Chamber of Secrets | Genres: 'Adventure','Family','Fantasy' | Rating: 7.4
Harry Potter and the Prisoner of Azkaban | Genres: 'Adventure','Family','Fantasy' | Rating: 7.7
"
Hancock,"
Recommended Movies: 
The Kingdom | Genres: 'Action','Drama','Thriller' | Rating: 6.5
The Rundown | Genres: 'Action','Adventure','Comedy','Thriller' | Rating: 6.4
Lone Survivor | Genres: 'Action','Drama','Thriller','War' | Rating: 7.4
Battleship | Genres: 'Action','Adventure','ScienceFiction','Thriller' | Rating: 5.5
Very Bad Things | Genres: 'Comedy','Crime','Thriller' | Rating: 6.2
Mortal Kombat | Genres: 'Action','Fantasy' | Rating: 5.4
Batman | Genres: 'Action','Fantasy' | Rating: 7.0
The Beastmaster | Genres: 'Action','Fantasy' | Rating: 6.0
Mortal Kombat: Annihilation | Genres: 'Action','Fantasy','ScienceFiction' | Rating: 3.8
Conan the Destroyer | Genres: 'Action','Adventure','Fantasy' | Rating: 5.8
"
I Am Legend,"
Recommended Movies: 
The Hunger Games: Mockingjay - Part 2 | Genres: 'Action','Adventure','ScienceFiction' | Rating: 6.6
The Hunger Games: Catching Fire | Genres: 'Action','Adventure','ScienceFiction' | Rating: 7.4
The Hunger Games: Mockingjay - Part 1 | Genres: 'Adventure','ScienceFiction','Thriller' | Rating: 6.6
Water for Elephants | Genres: 'Drama','Romance' | Rating: 6.7
Elysium | Genres: 'Action','Drama','ScienceFiction','Thriller' | Rating: 6.4
Flatliners | Genres: 'Drama','Horror','ScienceFiction','Thriller' | Rating: 6.3
World War Z | Genres: 'Action','Drama','Horror','ScienceFiction','Thriller' | Rating: 6.7
Terminator Salvation | Genres: 'Action','ScienceFiction','Thriller' | Rating: 5.9
Aliens | Genres: 'Action','Horror','ScienceFiction','Thriller' | Rating: 7.7
Equilibrium | Genres: 'Action','ScienceFiction','Thriller' | Rating: 6.9
"
Charlie and the Chocolate Factory,"
Recommended Movies: 
Alice in Wonderland | Genres: 'Adventure','Family','Fantasy' | Rating: 6.4
Beetlejuice | Genres: 'Comedy','Fantasy' | Rating: 7.1
Dark Shadows | Genres: 'Comedy','Fantasy' | Rating: 5.7
Big Fish | Genres: 'Adventure','Drama','Fantasy' | Rating: 7.6
Frankenweenie | Genres: 'Animation','Comedy','Family' | Rating: 6.6
Mars Attacks! | Genres: 'Comedy','Fantasy','ScienceFiction' | Rating: 6.1
Edward Scissorhands | Genres: 'Drama','Fantasy','Romance' | Rating: 7.5
Batman | Genres: 'Action','Fantasy' | Rating: 7.0
Ed Wood | Genres: 'Comedy','Drama','History' | Rating: 7.3
Batman Returns | Genres: 'Action','Fantasy' | Rating: 6.6
"
